test_all_original_cues_are_wired_and_have_quiet_shots (test_combat_feedback.CombatFeedbackWiringTest.test_all_original_cues_are_wired_and_have_quiet_shots) ... ok
test_level_connects_feedback_without_transferring_damage_to_hud (test_combat_feedback.CombatFeedbackWiringTest.test_level_connects_feedback_without_transferring_damage_to_hud) ... ok
test_runtime_frames_equal_approved_b_left16_exports (test_entry_gate_assets.EntryGateAssetsTests.test_runtime_frames_equal_approved_b_left16_exports) ... ok
test_character_frames_are_detailed_at_playable_scale (test_hangar_art.HangarArtTests.test_character_frames_are_detailed_at_playable_scale) ... ok
test_display_is_integer_scaled_from_640_by_360 (test_hangar_art.HangarArtTests.test_display_is_integer_scaled_from_640_by_360) ... ok
test_far_and_midground_are_separate_original_pixel_layers (test_hangar_art.HangarArtTests.test_far_and_midground_are_separate_original_pixel_layers) ... ok
test_running_turning_jump_landing_hurt_and_both_cameras (test_operative_flash_compositing.OperativeFlashCompositing.test_running_turning_jump_landing_hurt_and_both_cameras) ... 
  test_running_turning_jump_landing_hurt_and_both_cameras (test_operative_flash_compositing.OperativeFlashCompositing.test_running_turning_jump_landing_hurt_and_both_cameras) (scenario='spawn') ... FAIL
  test_running_turning_jump_landing_hurt_and_both_cameras (test_operative_flash_compositing.OperativeFlashCompositing.test_running_turning_jump_landing_hurt_and_both_cameras) (scenario='follow') ... FAIL
  test_running_turning_jump_landing_hurt_and_both_cameras (test_operative_flash_compositing.OperativeFlashCompositing.test_running_turning_jump_landing_hurt_and_both_cameras) (scenario='fixed') ... FAIL
test_victory_freeze_death_and_physical_retry (test_operative_flash_compositing.OperativeFlashCompositing.test_victory_freeze_death_and_physical_retry) ... FAIL
test_visible_muzzle_rear_meets_barrel_and_gun_stays_stable (test_operative_flash_compositing.OperativeFlashCompositing.test_visible_muzzle_rear_meets_barrel_and_gun_stays_stable) ... FAIL
test_animation_refs_facing_and_gap_edge_variants (test_pixel_art.PixelArtTests.test_animation_refs_facing_and_gap_edge_variants) ... ok
test_atlas_dimensions_alpha_and_palette (test_pixel_art.PixelArtTests.test_atlas_dimensions_alpha_and_palette) ... ok
test_manifest_traces_generated_audio_and_existing_original_art (test_sfx_assets.SoundAssetTests.test_manifest_traces_generated_audio_and_existing_original_art) ... ok
test_player_shot_is_a_repeatable_short_mono_pcm_wave (test_sfx_assets.SoundAssetTests.test_player_shot_is_a_repeatable_short_mono_pcm_wave) ... ok
test_sound_set_has_distinct_short_feedback_and_prioritizes_danger (test_sfx_assets.SoundAssetTests.test_sound_set_has_distinct_short_feedback_and_prioritizes_danger) ... ok
test_acceptance_images_use_exact_nearest_integer_double (test_ui_assets.ApprovedUIAssetsTests.test_acceptance_images_use_exact_nearest_integer_double) ... ok
test_font_is_original_and_distribution_manifest_carries_complete_notices (test_ui_assets.ApprovedUIAssetsTests.test_font_is_original_and_distribution_manifest_carries_complete_notices) ... ok
test_frozen_s6_sources_and_reference_images_are_unchanged (test_ui_assets.ApprovedUIAssetsTests.test_frozen_s6_sources_and_reference_images_are_unchanged) ... ok
test_live_ui_matches_approved_overlay_with_local_color_tolerances (test_ui_assets.ApprovedUIAssetsTests.test_live_ui_matches_approved_overlay_with_local_color_tolerances) ... ok
test_runtime_crops_preserve_approved_source_pixels (test_ui_assets.ApprovedUIAssetsTests.test_runtime_crops_preserve_approved_source_pixels) ... ok
test_archives_match_source_and_unpacked_executable_starts (test_windows_package.WindowsPackageTests.test_archives_match_source_and_unpacked_executable_starts) ... ok
test_preflight_accepts_installed_official_toolchain (test_windows_package.WindowsPackageTests.test_preflight_accepts_installed_official_toolchain) ... ok

======================================================================
FAIL: test_running_turning_jump_landing_hurt_and_both_cameras (test_operative_flash_compositing.OperativeFlashCompositing.test_running_turning_jump_landing_hurt_and_both_cameras) (scenario='spawn')
----------------------------------------------------------------------
Traceback (most recent call last):
  File "E:\Projects\game_hundouluo_codex_worktree\issue-36-muzzle-flash-compositing\.scratch\issue-36\verification-source-74bcc83\tests\test_operative_flash_compositing.py", line 20, in test_running_turning_jump_landing_hurt_and_both_cameras
    self.run_capture(["--full", "--ticks=180", "--scenario=" + scenario])
  File "E:\Projects\game_hundouluo_codex_worktree\issue-36-muzzle-flash-compositing\.scratch\issue-36\verification-source-74bcc83\tests\test_operative_flash_compositing.py", line 35, in run_capture
    self.assertEqual(result.returncode, 0, log)
AssertionError: 1 != 0 : Godot Engine v4.7.2.stable.official.ed1daf0bf - https://godotengine.org
OpenGL API 3.3.0 NVIDIA 610.47 - Compatibility - Using Device: NVIDIA - NVIDIA GeForce RTX 4060 Laptop GPU

FAIL: missing exercised pose 0:false
FAIL: missing exercised pose 0:true
FAIL: normal Input jump did not land
ERROR: 18 RID allocations of type 'P11GodotArea2D' were leaked at exit.
ERROR: 1 RID allocations of type 'P12GodotShape2D' were leaked at exit.
ERROR: Unable to open file: res://.godot/imported/base_tiles.png-26457a43f6facaf976ce05f158af5eec.ctex.
   at: _load_data (scene/resources/compressed_texture.cpp:45)
   GDScript backtrace (most recent call first):
       [0] _run (res://tools/capture_issue_36.gd:45)
ERROR: Failed loading resource: res://.godot/imported/base_tiles.png-26457a43f6facaf976ce05f158af5eec.ctex.
   at: _load (core/io/resource_loader.cpp:317)
   GDScript backtrace (most recent call first):
       [0] _run (res://tools/capture_issue_36.gd:45)
ERROR: Failed loading resource: res://assets/pixel/base_tiles.png.
   at: _load (core/io/resource_loader.cpp:317)
   GDScript backtrace (most recent call first):
       [0] _run (res://tools/capture_issue_36.gd:45)
ERROR: Unable to open file: res://.godot/imported/hangar_deck.png-23d76946811f5b7a9a143f16f20fe391.ctex.
   at: _load_data (scene/resources/compressed_texture.cpp:45)
   GDScript backtrace (most recent call first):
       [0] _run (res://tools/capture_issue_36.gd:45)
ERROR: Failed loading resource: res://.godot/imported/hangar_deck.png-23d76946811f5b7a9a143f16f20fe391.ctex.
   at: _load (core/io/resource_loader.cpp:317)
   GDScript backtrace (most recent call first):
       [0] _run (res://tools/capture_issue_36.gd:45)
ERROR: Failed loading resource: res://assets/pixel/hangar_deck.png.
   at: _load (core/io/resource_loader.cpp:317)
   GDScript backtrace (most recent call first):
       [0] _run (res://tools/capture_issue_36.gd:45)
SCRIPT ERROR: Parse Error: Could not preload resource file "res://assets/pixel/base_tiles.png".
   at: GDScript::reload (res://scripts/level.gd:5)
   GDScript backtrace (most recent call first):
       [0] _run (res://tools/capture_issue_36.gd:45)
SCRIPT ERROR: Parse Error: Cannot infer the type of "TILES" constant because the value doesn't have a set type.
   at: GDScript::reload (res://scripts/level.gd:5)
   GDScript backtrace (most recent call first):
       [0] _run (res://tools/capture_issue_36.gd:45)
SCRIPT ERROR: Parse Error: Could not preload resource file "res://assets/pixel/hangar_deck.png".
   at: GDScript::reload (res://scripts/level.gd:6)
   GDScript backtrace (most recent call first):
       [0] _run (res://tools/capture_issue_36.gd:45)
SCRIPT ERROR: Parse Error: Cannot infer the type of "DECK" constant because the value doesn't have a set type.
   at: GDScript::reload (res://scripts/level.gd:6)
   GDScript backtrace (most recent call first):
       [0] _run (res://tools/capture_issue_36.gd:45)
SCRIPT ERROR: Parse Error: Could not find type "MechanicalSoldier" in the current scope.
   at: GDScript::reload (res://scripts/level.gd:67)
   GDScript backtrace (most recent call first):
       [0] _run (res://tools/capture_issue_36.gd:45)
SCRIPT ERROR: Parse Error: Cannot infer the type of "soldier" variable because the value doesn't have a set type.
   at: GDScript::reload (res://scripts/level.gd:67)
   GDScript backtrace (most recent call first):
       [0] _run (res://tools/capture_issue_36.gd:45)
SCRIPT ERROR: Parse Error: Could not find type "MechanicalSoldier" in the current scope.
   at: GDScript::reload (res://scripts/level.gd:119)
   GDScript backtrace (most recent call first):
       [0] _run (res://tools/capture_issue_36.gd:45)
SCRIPT ERROR: Parse Error: Cannot infer the type of "soldier" variable because the value doesn't have a set type.
   at: GDScript::reload (res://scripts/level.gd:119)
   GDScript backtrace (most recent call first):
       [0] _run (res://tools/capture_issue_36.gd:45)
SCRIPT ERROR: Parse Error: Could not find type "DefenseMech" in the current scope.
   at: GDScript::reload (res://scripts/level.gd:133)
   GDScript backtrace (most recent call first):
       [0] _run (res://tools/capture_issue_36.gd:45)
SCRIPT ERROR: Parse Error: Cannot infer the type of "mech" variable because the value doesn't have a set type.
   at: GDScript::reload (res://scripts/level.gd:133)
   GDScript backtrace (most recent call first):
       [0] _run (res://tools/capture_issue_36.gd:45)
ERROR: Failed to load script "res://scripts/level.gd" with error "Parse error".
   at: load (modules/gdscript/gdscript_resource_format.cpp:46)
   GDScript backtrace (most recent call first):
       [0] _run (res://tools/capture_issue_36.gd:45)
ERROR: Unable to open file: res://.godot/imported/atlas.png-04c5df77a4b02244cd0e868f7017e8d8.ctex.
   at: _load_data (scene/resources/compressed_texture.cpp:45)
   GDScript backtrace (most recent call first):
       [0] _run (res://tools/capture_issue_36.gd:45)
ERROR: Failed loading resource: res://.godot/imported/atlas.png-04c5df77a4b02244cd0e868f7017e8d8.ctex.
   at: _load (core/io/resource_loader.cpp:317)
   GDScript backtrace (most recent call first):
       [0] _run (res://tools/capture_issue_36.gd:45)
ERROR: Failed loading resource: res://assets/combat_v011/atlas.png.
   at: _load (core/io/resource_loader.cpp:317)
   GDScript backtrace (most recent call first):
       [0] _run (res://tools/capture_issue_36.gd:45)
ERROR: res://scenes/friendly_projectile.tscn:19 - Parse Error: [ext_resource] referenced non-existent resource at: res://assets/combat_v011/atlas.png.
   at: _printerr (scene/resources/resource_format_text.cpp:41)
   GDScript backtrace (most recent call first):
       [0] _run (res://tools/capture_issue_36.gd:45)
ERROR: Unable to open file: res://.godot/imported/atlas.png-04c5df77a4b02244cd0e868f7017e8d8.ctex.
   at: _load_data (scene/resources/compressed_texture.cpp:45)
   GDScript backtrace (most recent call first):
       [0] _run (res://tools/capture_issue_36.gd:45)
ERROR: Failed loading resource: res://.godot/imported/atlas.png-04c5df77a4b02244cd0e868f7017e8d8.ctex.
   at: _load (core/io/resource_loader.cpp:317)
   GDScript backtrace (most recent call first):
       [0] _run (res://tools/capture_issue_36.gd:45)
ERROR: Failed loading resource: res://assets/combat_v011/atlas.png.
   at: _load (core/io/resource_loader.cpp:317)
   GDScript backtrace (most recent call first):
       [0] _run (res://tools/capture_issue_36.gd:45)
ERROR: res://scenes/combat_flash.tscn:9 - Parse Error: [ext_resource] referenced non-existent resource at: res://assets/combat_v011/atlas.png.
   at: _printerr (scene/resources/resource_format_text.cpp:41)
   GDScript backtrace (most recent call first):
       [0] _run (res://tools/capture_issue_36.gd:45)
ERROR: Unable to open file: res://.godot/imported/operative.png-705a9f046566e73ee88eae43ff2d8d2a.ctex.
   at: _load_data (scene/resources/compressed_texture.cpp:45)
   GDScript backtrace (most recent call first):
       [0] _run (res://tools/capture_issue_36.gd:45)
ERROR: Failed loading resource: res://.godot/imported/operative.png-705a9f046566e73ee88eae43ff2d8d2a.ctex.
   at: _load (core/io/resource_loader.cpp:317)
   GDScript backtrace (most recent call first):
       [0] _run (res://tools/capture_issue_36.gd:45)
ERROR: Failed loading resource: res://assets/pixel/operative.png.
   at: _load (core/io/resource_loader.cpp:317)
   GDScript backtrace (most recent call first):
       [0] _run (res://tools/capture_issue_36.gd:45)
ERROR: res://scenes/operative.tscn:23 - Parse Error: [ext_resource] referenced non-existent resource at: res://assets/pixel/operative.png.
   at: _printerr (scene/resources/resource_format_text.cpp:41)
   GDScript backtrace (most recent call first):
       [0] _run (res://tools/capture_issue_36.gd:45)
ERROR: Unable to open file: res://.godot/imported/hangar_far.png-8b02b32ccfe7b193cd9dc0a423685074.ctex.
   at: _load_data (scene/resources/compressed_texture.cpp:45)
   GDScript backtrace (most recent call first):
       [0] _run (res://tools/capture_issue_36.gd:45)
ERROR: Failed loading resource: res://.godot/imported/hangar_far.png-8b02b32ccfe7b193cd9dc0a423685074.ctex.
   at: _load (core/io/resource_loader.cpp:317)
   GDScript backtrace (most recent call first):
       [0] _run (res://tools/capture_issue_36.gd:45)
ERROR: Failed loading resource: res://assets/pixel/hangar_far.png.
   at: _load (core/io/resource_loader.cpp:317)
   GDScript backtrace (most recent call first):
       [0] _run (res://tools/capture_issue_36.gd:45)
ERROR: Unable to open file: res://.godot/imported/hangar_mid.png-a6cd488adb92e4a16ec5e64ae0e2bd2a.ctex.
   at: _load_data (scene/resources/compressed_texture.cpp:45)
   GDScript backtrace (most recent call first):
       [0] _run (res://tools/capture_issue_36.gd:45)
ERROR: Failed loading resource: res://.godot/imported/hangar_mid.png-a6cd488adb92e4a16ec5e64ae0e2bd2a.ctex.
   at: _load (core/io/resource_loader.cpp:317)
   GDScript backtrace (most recent call first):
       [0] _run (res://tools/capture_issue_36.gd:45)
ERROR: Failed loading resource: res://assets/pixel/hangar_mid.png.
   at: _load (core/io/resource_loader.cpp:317)
   GDScript backtrace (most recent call first):
       [0] _run (res://tools/capture_issue_36.gd:45)
ERROR: Unable to open file: res://.godot/imported/atlas.png-04c5df77a4b02244cd0e868f7017e8d8.ctex.
   at: _load_data (scene/resources/compressed_texture.cpp:45)
   GDScript backtrace (most recent call first):
       [0] _run (res://tools/capture_issue_36.gd:45)
ERROR: Failed loading resource: res://.godot/imported/atlas.png-04c5df77a4b02244cd0e868f7017e8d8.ctex.
   at: _load (core/io/resource_loader.cpp:317)
   GDScript backtrace (most recent call first):
       [0] _run (res://tools/capture_issue_36.gd:45)
ERROR: Failed loading resource: res://assets/combat_v011/atlas.png.
   at: _load (core/io/resource_loader.cpp:317)
   GDScript backtrace (most recent call first):
       [0] _run (res://tools/capture_issue_36.gd:45)
ERROR: res://scenes/enemy_projectile.tscn:19 - Parse Error: [ext_resource] referenced non-existent resource at: res://assets/combat_v011/atlas.png.
   at: _printerr (scene/resources/resource_format_text.cpp:41)
   GDScript backtrace (most recent call first):
       [0] _run (res://tools/capture_issue_36.gd:45)
ERROR: Unable to open file: res://.godot/imported/mechanical_soldier.png-77969d65dcf54cc8c874f0bc63900e84.ctex.
   at: _load_data (scene/resources/compressed_texture.cpp:45)
   GDScript backtrace (most recent call first):
       [0] _run (res://tools/capture_issue_36.gd:45)
ERROR: Failed loading resource: res://.godot/imported/mechanical_soldier.png-77969d65dcf54cc8c874f0bc63900e84.ctex.
   at: _load (core/io/resource_loader.cpp:317)
   GDScript backtrace (most recent call first):
       [0] _run (res://tools/capture_issue_36.gd:45)
ERROR: Failed loading resource: res://assets/pixel/mechanical_soldier.png.
   at: _load (core/io/resource_loader.cpp:317)
   GDScript backtrace (most recent call first):
       [0] _run (res://tools/capture_issue_36.gd:45)
ERROR: res://scenes/mechanical_soldier.tscn:24 - Parse Error: [ext_resource] referenced non-existent resource at: res://assets/pixel/mechanical_soldier.png.
   at: _printerr (scene/resources/resource_format_text.cpp:41)
   GDScript backtrace (most recent call first):
       [0] _run (res://tools/capture_issue_36.gd:45)
ERROR: Unable to open file: res://.godot/imported/defense_mech.png-2533390884123f8a3071e913696cc097.ctex.
   at: _load_data (scene/resources/compressed_texture.cpp:45)
   GDScript backtrace (most recent call first):
       [0] _run (res://tools/capture_issue_36.gd:45)
ERROR: Failed loading resource: res://.godot/imported/defense_mech.png-2533390884123f8a3071e913696cc097.ctex.
   at: _load (core/io/resource_loader.cpp:317)
   GDScript backtrace (most recent call first):
       [0] _run (res://tools/capture_issue_36.gd:45)
ERROR: Failed loading resource: res://assets/pixel/defense_mech.png.
   at: _load (core/io/resource_loader.cpp:317)
   GDScript backtrace (most recent call first):
       [0] _run (res://tools/capture_issue_36.gd:45)
ERROR: Unable to open file: res://.godot/imported/atlas.png-04c5df77a4b02244cd0e868f7017e8d8.ctex.
   at: _load_data (scene/resources/compressed_texture.cpp:45)
   GDScript backtrace (most recent call first):
       [0] _run (res://tools/capture_issue_36.gd:45)
ERROR: Failed loading resource: res://.godot/imported/atlas.png-04c5df77a4b02244cd0e868f7017e8d8.ctex.
   at: _load (core/io/resource_loader.cpp:317)
   GDScript backtrace (most recent call first):
       [0] _run (res://tools/capture_issue_36.gd:45)
ERROR: Failed loading resource: res://assets/combat_v011/atlas.png.
   at: _load (core/io/resource_loader.cpp:317)
   GDScript backtrace (most recent call first):
       [0] _run (res://tools/capture_issue_36.gd:45)
ERROR: res://scenes/defense_mech.tscn:25 - Parse Error: [ext_resource] referenced non-existent resource at: res://assets/pixel/defense_mech.png.
   at: _printerr (scene/resources/resource_format_text.cpp:41)
   GDScript backtrace (most recent call first):
       [0] _run (res://tools/capture_issue_36.gd:45)
ERROR: res://scenes/defense_mech.tscn:33 - Parse Error: [ext_resource] referenced non-existent resource at: res://assets/combat_v011/atlas.png.
   at: _printerr (scene/resources/resource_format_text.cpp:41)
   GDScript backtrace (most recent call first):
       [0] _run (res://tools/capture_issue_36.gd:45)
ERROR: Unable to open file: res://.godot/imported/life-full.png-7140023e5be9f07bf64d6a9a8e5f7855.ctex.
   at: _load_data (scene/resources/compressed_texture.cpp:45)
   GDScript backtrace (most recent call first):
       [0] _run (res://tools/capture_issue_36.gd:45)
ERROR: Failed loading resource: res://.godot/imported/life-full.png-7140023e5be9f07bf64d6a9a8e5f7855.ctex.
   at: _load (core/io/resource_loader.cpp:317)
   GDScript backtrace (most recent call first):
       [0] _run (res://tools/capture_issue_36.gd:45)
ERROR: Failed loading resource: res://assets/ui_v011/life-full.png.
   at: _load (core/io/resource_loader.cpp:317)
   GDScript backtrace (most recent call first):
       [0] _run (res://tools/capture_issue_36.gd:45)
ERROR: Unable to open file: res://.godot/imported/life-empty.png-aa84ef66ff744aff4a08b159a13641b8.ctex.
   at: _load_data (scene/resources/compressed_texture.cpp:45)
   GDScript backtrace (most recent call first):
       [0] _run (res://tools/capture_issue_36.gd:45)
ERROR: Failed loading resource: res://.godot/imported/life-empty.png-aa84ef66ff744aff4a08b159a13641b8.ctex.
   at: _load (core/io/resource_loader.cpp:317)
   GDScript backtrace (most recent call first):
       [0] _run (res://tools/capture_issue_36.gd:45)
ERROR: Failed loading resource: res://assets/ui_v011/life-empty.png.
   at: _load (core/io/resource_loader.cpp:317)
   GDScript backtrace (most recent call first):
       [0] _run (res://tools/capture_issue_36.gd:45)
SCRIPT ERROR: Parse Error: Could not preload resource file "res://assets/ui_v011/life-full.png".
   at: GDScript::reload (res://scripts/level_hud.gd:4)
   GDScript backtrace (most recent call first):
       [0] _run (res://tools/capture_issue_36.gd:45)
SCRIPT ERROR: Parse Error: Cannot infer the type of "LIFE_FULL" constant because the value doesn't have a set type.
   at: GDScript::reload (res://scripts/level_hud.gd:4)
   GDScript backtrace (most recent call first):
       [0] _run (res://tools/capture_issue_36.gd:45)
SCRIPT ERROR: Parse Error: Could not preload resource file "res://assets/ui_v011/life-empty.png".
   at: GDScript::reload (res://scripts/level_hud.gd:5)
   GDScript backtrace (most recent call first):
       [0] _run (res://tools/capture_issue_36.gd:45)
SCRIPT ERROR: Parse Error: Cannot infer the type of "LIFE_EMPTY" constant because the value doesn't have a set type.
   at: GDScript::reload (res://scripts/level_hud.gd:5)
   GDScript backtrace (most recent call first):
       [0] _run (res://tools/capture_issue_36.gd:45)
ERROR: Failed to load script "res://scripts/level_hud.gd" with error "Parse error".
   at: load (modules/gdscript/gdscript_resource_format.cpp:46)
   GDScript backtrace (most recent call first):
       [0] _run (res://tools/capture_issue_36.gd:45)
ERROR: Unable to open file: res://.godot/imported/atlas.png-04c5df77a4b02244cd0e868f7017e8d8.ctex.
   at: _load_data (scene/resources/compressed_texture.cpp:45)
   GDScript backtrace (most recent call first):
       [0] _run (res://tools/capture_issue_36.gd:45)
ERROR: Failed loading resource: res://.godot/imported/atlas.png-04c5df77a4b02244cd0e868f7017e8d8.ctex.
   at: _load (core/io/resource_loader.cpp:317)
   GDScript backtrace (most recent call first):
       [0] _run (res://tools/capture_issue_36.gd:45)
ERROR: Failed loading resource: res://assets/combat_v011/atlas.png.
   at: _load (core/io/resource_loader.cpp:317)
   GDScript backtrace (most recent call first):
       [0] _run (res://tools/capture_issue_36.gd:45)
SCRIPT ERROR: Parse Error: Could not preload resource file "res://assets/combat_v011/atlas.png".
   at: GDScript::reload (res://scripts/combat_feedback.gd:25)
   GDScript backtrace (most recent call first):
       [0] _run (res://tools/capture_issue_36.gd:45)
SCRIPT ERROR: Parse Error: Cannot infer the type of "IMPACT_ATLAS" constant because the value doesn't have a set type.
   at: GDScript::reload (res://scripts/combat_feedback.gd:25)
   GDScript backtrace (most recent call first):
       [0] _run (res://tools/capture_issue_36.gd:45)
ERROR: Failed to load script "res://scripts/combat_feedback.gd" with error "Parse error".
   at: load (modules/gdscript/gdscript_resource_format.cpp:46)
   GDScript backtrace (most recent call first):
       [0] _run (res://tools/capture_issue_36.gd:45)
ERROR: Unable to open file: res://.godot/imported/gate.png-1c7e3da1def0016ab8cab89aa14aeee0.ctex.
   at: _load_data (scene/resources/compressed_texture.cpp:45)
   GDScript backtrace (most recent call first):
       [0] _run (res://tools/capture_issue_36.gd:45)
ERROR: Failed loading resource: res://.godot/imported/gate.png-1c7e3da1def0016ab8cab89aa14aeee0.ctex.
   at: _load (core/io/resource_loader.cpp:317)
   GDScript backtrace (most recent call first):
       [0] _run (res://tools/capture_issue_36.gd:45)
ERROR: Failed loading resource: res://assets/entry_gate_v011/gate.png.
   at: _load (core/io/resource_loader.cpp:317)
   GDScript backtrace (most recent call first):
       [0] _run (res://tools/capture_issue_36.gd:45)
ERROR: Unable to open file: res://.godot/imported/hud.png-b93ca9f6f8ae04c8902fd378e45662c7.ctex.
   at: _load_data (scene/resources/compressed_texture.cpp:45)
   GDScript backtrace (most recent call first):
       [0] _run (res://tools/capture_issue_36.gd:45)
ERROR: Failed loading resource: res://.godot/imported/hud.png-b93ca9f6f8ae04c8902fd378e45662c7.ctex.
   at: _load (core/io/resource_loader.cpp:317)
   GDScript backtrace (most recent call first):
       [0] _run (res://tools/capture_issue_36.gd:45)
ERROR: Failed loading resource: res://assets/ui_v011/hud.png.
   at: _load (core/io/resource_loader.cpp:317)
   GDScript backtrace (most recent call first):
       [0] _run (res://tools/capture_issue_36.gd:45)
ERROR: Unable to open file: res://.godot/imported/life-full.png-7140023e5be9f07bf64d6a9a8e5f7855.ctex.
   at: _load_data (scene/resources/compressed_texture.cpp:45)
   GDScript backtrace (most recent call first):
       [0] _run (res://tools/capture_issue_36.gd:45)
ERROR: Failed loading resource: res://.godot/imported/life-full.png-7140023e5be9f07bf64d6a9a8e5f7855.ctex.
   at: _load (core/io/resource_loader.cpp:317)
   GDScript backtrace (most recent call first):
       [0] _run (res://tools/capture_issue_36.gd:45)
ERROR: Failed loading resource: res://assets/ui_v011/life-full.png.
   at: _load (core/io/resource_loader.cpp:317)
   GDScript backtrace (most recent call first):
       [0] _run (res://tools/capture_issue_36.gd:45)
ERROR: Unable to open file: res://.godot/imported/outcome-top.png-3aa8a5ef9b558e5401d15e59d8cbe624.ctex.
   at: _load_data (scene/resources/compressed_texture.cpp:45)
   GDScript backtrace (most recent call first):
       [0] _run (res://tools/capture_issue_36.gd:45)
ERROR: Failed loading resource: res://.godot/imported/outcome-top.png-3aa8a5ef9b558e5401d15e59d8cbe624.ctex.
   at: _load (core/io/resource_loader.cpp:317)
   GDScript backtrace (most recent call first):
       [0] _run (res://tools/capture_issue_36.gd:45)
ERROR: Failed loading resource: res://assets/ui_v011/outcome-top.png.
   at: _load (core/io/resource_loader.cpp:317)
   GDScript backtrace (most recent call first):
       [0] _run (res://tools/capture_issue_36.gd:45)
ERROR: Unable to open file: res://.godot/imported/outcome-bottom.png-2b1fd568a2c7d52b34595a89b3e6106f.ctex.
   at: _load_data (scene/resources/compressed_texture.cpp:45)
   GDScript backtrace (most recent call first):
       [0] _run (res://tools/capture_issue_36.gd:45)
ERROR: Failed loading resource: res://.godot/imported/outcome-bottom.png-2b1fd568a2c7d52b34595a89b3e6106f.ctex.
   at: _load (core/io/resource_loader.cpp:317)
   GDScript backtrace (most recent call first):
       [0] _run (res://tools/capture_issue_36.gd:45)
ERROR: Failed loading resource: res://assets/ui_v011/outcome-bottom.png.
   at: _load (core/io/resource_loader.cpp:317)
   GDScript backtrace (most recent call first):
       [0] _run (res://tools/capture_issue_36.gd:45)
ERROR: Unable to open file: res://.godot/imported/portrait.png-713fc3f6419524a88943faaa969238c5.ctex.
   at: _load_data (scene/resources/compressed_texture.cpp:45)
   GDScript backtrace (most recent call first):
       [0] _run (res://tools/capture_issue_36.gd:45)
ERROR: Failed loading resource: res://.godot/imported/portrait.png-713fc3f6419524a88943faaa969238c5.ctex.
   at: _load (core/io/resource_loader.cpp:317)
   GDScript backtrace (most recent call first):
       [0] _run (res://tools/capture_issue_36.gd:45)
ERROR: Failed loading resource: res://assets/ui_v011/portrait.png.
   at: _load (core/io/resource_loader.cpp:317)
   GDScript backtrace (most recent call first):
       [0] _run (res://tools/capture_issue_36.gd:45)
ERROR: Unable to open file: res://.godot/imported/rifle.png-e50bf32ad472a35d093785d4d48b3c72.ctex.
   at: _load_data (scene/resources/compressed_texture.cpp:45)
   GDScript backtrace (most recent call first):
       [0] _run (res://tools/capture_issue_36.gd:45)
ERROR: Failed loading resource: res://.godot/imported/rifle.png-e50bf32ad472a35d093785d4d48b3c72.ctex.
   at: _load (core/io/resource_loader.cpp:317)
   GDScript backtrace (most recent call first):
       [0] _run (res://tools/capture_issue_36.gd:45)
ERROR: Failed loading resource: res://assets/ui_v011/rifle.png.
   at: _load (core/io/resource_loader.cpp:317)
   GDScript backtrace (most recent call first):
       [0] _run (res://tools/capture_issue_36.gd:45)
ERROR: Cannot open file 'res://.godot/imported/fusion-pixel-12px-proportional-zh_hans.otf-cbf128b4da7acd6603a3be3f834c880b.fontdata'.
   at: load (core/io/resource_format_binary.cpp:1156)
   GDScript backtrace (most recent call first):
       [0] _run (res://tools/capture_issue_36.gd:45)
ERROR: Failed loading resource: res://.godot/imported/fusion-pixel-12px-proportional-zh_hans.otf-cbf128b4da7acd6603a3be3f834c880b.fontdata.
   at: _load (core/io/resource_loader.cpp:317)
   GDScript backtrace (most recent call first):
       [0] _run (res://tools/capture_issue_36.gd:45)
ERROR: Failed loading resource: res://assets/ui_v011/fusion-pixel-12px-proportional-zh_hans.otf.
   at: _load (core/io/resource_loader.cpp:317)
   GDScript backtrace (most recent call first):
       [0] _run (res://tools/capture_issue_36.gd:45)
ERROR: res://scenes/level.tscn:54 - Parse Error: [ext_resource] referenced non-existent resource at: res://assets/pixel/hangar_far.png.
   at: _printerr (scene/resources/resource_format_text.cpp:41)
   GDScript backtrace (most recent call first):
       [0] _run (res://tools/capture_issue_36.gd:45)
ERROR: res://scenes/level.tscn:60 - Parse Error: [ext_resource] referenced non-existent resource at: res://assets/pixel/hangar_mid.png.
   at: _printerr (scene/resources/resource_format_text.cpp:41)
   GDScript backtrace (most recent call first):
       [0] _run (res://tools/capture_issue_36.gd:45)
ERROR: res://scenes/level.tscn:66 - Parse Error: [ext_resource] referenced non-existent resource at: res://assets/pixel/hangar_far.png.
   at: _printerr (scene/resources/resource_format_text.cpp:41)
   GDScript backtrace (most recent call first):
       [0] _run (res://tools/capture_issue_36.gd:45)
ERROR: res://scenes/level.tscn:72 - Parse Error: [ext_resource] referenced non-existent resource at: res://assets/pixel/hangar_mid.png.
   at: _printerr (scene/resources/resource_format_text.cpp:41)
   GDScript backtrace (most recent call first):
       [0] _run (res://tools/capture_issue_36.gd:45)
ERROR: res://scenes/level.tscn:78 - Parse Error: [ext_resource] referenced non-existent resource at: res://assets/pixel/hangar_far.png.
   at: _printerr (scene/resources/resource_format_text.cpp:41)
   GDScript backtrace (most recent call first):
       [0] _run (res://tools/capture_issue_36.gd:45)
ERROR: res://scenes/level.tscn:84 - Parse Error: [ext_resource] referenced non-existent resource at: res://assets/pixel/hangar_mid.png.
   at: _printerr (scene/resources/resource_format_text.cpp:41)
   GDScript backtrace (most recent call first):
       [0] _run (res://tools/capture_issue_36.gd:45)
ERROR: res://scenes/level.tscn:118 - Parse Error: [ext_resource] referenced non-existent resource at: res://assets/entry_gate_v011/gate.png.
   at: _printerr (scene/resources/resource_format_text.cpp:41)
   GDScript backtrace (most recent call first):
       [0] _run (res://tools/capture_issue_36.gd:45)
ERROR: res://scenes/level.tscn:198 - Parse Error: [ext_resource] referenced non-existent resource at: res://assets/ui_v011/hud.png.
   at: _printerr (scene/resources/resource_format_text.cpp:41)
   GDScript backtrace (most recent call first):
       [0] _run (res://tools/capture_issue_36.gd:45)
ERROR: res://scenes/level.tscn:207 - Parse Error: [ext_resource] referenced non-existent resource at: res://assets/ui_v011/life-full.png.
   at: _printerr (scene/resources/resource_format_text.cpp:41)
   GDScript backtrace (most recent call first):
       [0] _run (res://tools/capture_issue_36.gd:45)
ERROR: res://scenes/level.tscn:216 - Parse Error: [ext_resource] referenced non-existent resource at: res://assets/ui_v011/life-full.png.
   at: _printerr (scene/resources/resource_format_text.cpp:41)
   GDScript backtrace (most recent call first):
       [0] _run (res://tools/capture_issue_36.gd:45)
ERROR: res://scenes/level.tscn:225 - Parse Error: [ext_resource] referenced non-existent resource at: res://assets/ui_v011/life-full.png.
   at: _printerr (scene/resources/resource_format_text.cpp:41)
   GDScript backtrace (most recent call first):
       [0] _run (res://tools/capture_issue_36.gd:45)
ERROR: res://scenes/level.tscn:234 - Parse Error: [ext_resource] referenced non-existent resource at: res://assets/ui_v011/portrait.png.
   at: _printerr (scene/resources/resource_format_text.cpp:41)
   GDScript backtrace (most recent call first):
       [0] _run (res://tools/capture_issue_36.gd:45)
ERROR: res://scenes/level.tscn:244 - Parse Error: [ext_resource] referenced non-existent resource at: res://assets/ui_v011/rifle.png.
   at: _printerr (scene/resources/resource_format_text.cpp:41)
   GDScript backtrace (most recent call first):
       [0] _run (res://tools/capture_issue_36.gd:45)
ERROR: res://scenes/level.tscn:258 - Parse Error: [ext_resource] referenced non-existent resource at: res://assets/ui_v011/fusion-pixel-12px-proportional-zh_hans.otf.
   at: _printerr (scene/resources/resource_format_text.cpp:41)
   GDScript backtrace (most recent call first):
       [0] _run (res://tools/capture_issue_36.gd:45)
ERROR: res://scenes/level.tscn:274 - Parse Error: [ext_resource] referenced non-existent resource at: res://assets/ui_v011/fusion-pixel-12px-proportional-zh_hans.otf.
   at: _printerr (scene/resources/resource_format_text.cpp:41)
   GDScript backtrace (most recent call first):
       [0] _run (res://tools/capture_issue_36.gd:45)
ERROR: res://scenes/level.tscn:316 - Parse Error: [ext_resource] referenced non-existent resource at: res://assets/ui_v011/outcome-top.png.
   at: _printerr (scene/resources/resource_format_text.cpp:41)
   GDScript backtrace (most recent call first):
       [0] _run (res://tools/capture_issue_36.gd:45)
ERROR: res://scenes/level.tscn:327 - Parse Error: [ext_resource] referenced non-existent resource at: res://assets/ui_v011/outcome-bottom.png.
   at: _printerr (scene/resources/resource_format_text.cpp:41)
   GDScript backtrace (most recent call first):
       [0] _run (res://tools/capture_issue_36.gd:45)
ERROR: res://scenes/level.tscn:341 - Parse Error: [ext_resource] referenced non-existent resource at: res://assets/ui_v011/fusion-pixel-12px-proportional-zh_hans.otf.
   at: _printerr (scene/resources/resource_format_text.cpp:41)
   GDScript backtrace (most recent call first):
       [0] _run (res://tools/capture_issue_36.gd:45)
ERROR: res://scenes/level.tscn:357 - Parse Error: [ext_resource] referenced non-existent resource at: res://assets/ui_v011/fusion-pixel-12px-proportional-zh_hans.otf.
   at: _printerr (scene/resources/resource_format_text.cpp:41)
   GDScript backtrace (most recent call first):
       [0] _run (res://tools/capture_issue_36.gd:45)
ERROR: res://scenes/level.tscn:373 - Parse Error: [ext_resource] referenced non-existent resource at: res://assets/ui_v011/fusion-pixel-12px-proportional-zh_hans.otf.
   at: _printerr (scene/resources/resource_format_text.cpp:41)
   GDScript backtrace (most recent call first):
       [0] _run (res://tools/capture_issue_36.gd:45)
SCRIPT ERROR: Cannot call method 'get_image' on a null value.
   at: _check_pixels (res://tools/capture_issue_36.gd:159)
   GDScript backtrace (most recent call first):
       [0] _check_pixels (res://tools/capture_issue_36.gd:159)
       [1] _capture_pair (res://tools/capture_issue_36.gd:139)
SCRIPT ERROR: Cannot call method 'get_image' on a null value.
   at: _check_pixels (res://tools/capture_issue_36.gd:159)
   GDScript backtrace (most recent call first):
       [0] _check_pixels (res://tools/capture_issue_36.gd:159)
       [1] _capture_pair (res://tools/capture_issue_36.gd:139)
SCRIPT ERROR: Cannot call method 'get_image' on a null value.
   at: _check_pixels (res://tools/capture_issue_36.gd:159)
   GDScript backtrace (most recent call first):
       [0] _check_pixels (res://tools/capture_issue_36.gd:159)
       [1] _capture_pair (res://tools/capture_issue_36.gd:139)
SCRIPT ERROR: Cannot call method 'get_image' on a null value.
   at: _check_pixels (res://tools/capture_issue_36.gd:159)
   GDScript backtrace (most recent call first):
       [0] _check_pixels (res://tools/capture_issue_36.gd:159)
       [1] _capture_pair (res://tools/capture_issue_36.gd:139)
SCRIPT ERROR: Cannot call method 'get_image' on a null value.
   at: _check_pixels (res://tools/capture_issue_36.gd:159)
   GDScript backtrace (most recent call first):
       [0] _check_pixels (res://tools/capture_issue_36.gd:159)
       [1] _capture_pair (res://tools/capture_issue_36.gd:139)
SCRIPT ERROR: Cannot call method 'get_image' on a null value.
   at: _check_pixels (res://tools/capture_issue_36.gd:159)
   GDScript backtrace (most recent call first):
       [0] _check_pixels (res://tools/capture_issue_36.gd:159)
       [1] _capture_pair (res://tools/capture_issue_36.gd:139)
SCRIPT ERROR: Cannot call method 'get_image' on a null value.
   at: _check_pixels (res://tools/capture_issue_36.gd:159)
   GDScript backtrace (most recent call first):
       [0] _check_pixels (res://tools/capture_issue_36.gd:159)
       [1] _capture_pair (res://tools/capture_issue_36.gd:139)
SCRIPT ERROR: Cannot call method 'get_image' on a null value.
   at: _check_pixels (res://tools/capture_issue_36.gd:159)
   GDScript backtrace (most recent call first):
       [0] _check_pixels (res://tools/capture_issue_36.gd:159)
       [1] _capture_pair (res://tools/capture_issue_36.gd:139)
SCRIPT ERROR: Cannot call method 'get_image' on a null value.
   at: _check_pixels (res://tools/capture_issue_36.gd:159)
   GDScript backtrace (most recent call first):
       [0] _check_pixels (res://tools/capture_issue_36.gd:159)
       [1] _capture_pair (res://tools/capture_issue_36.gd:139)
SCRIPT ERROR: Cannot call method 'get_image' on a null value.
   at: _check_pixels (res://tools/capture_issue_36.gd:159)
   GDScript backtrace (most recent call first):
       [0] _check_pixels (res://tools/capture_issue_36.gd:159)
       [1] _capture_pair (res://tools/capture_issue_36.gd:139)
SCRIPT ERROR: Cannot call method 'get_image' on a null value.
   at: _check_pixels (res://tools/capture_issue_36.gd:159)
   GDScript backtrace (most recent call first):
       [0] _check_pixels (res://tools/capture_issue_36.gd:159)
       [1] _capture_pair (res://tools/capture_issue_36.gd:139)
SCRIPT ERROR: Cannot call method 'get_image' on a null value.
   at: _check_pixels (res://tools/capture_issue_36.gd:159)
   GDScript backtrace (most recent call first):
       [0] _check_pixels (res://tools/capture_issue_36.gd:159)
       [1] _capture_pair (res://tools/capture_issue_36.gd:139)
SCRIPT ERROR: Cannot call method 'get_image' on a null value.
   at: _check_pixels (res://tools/capture_issue_36.gd:159)
   GDScript backtrace (most recent call first):
       [0] _check_pixels (res://tools/capture_issue_36.gd:159)
       [1] _capture_pair (res://tools/capture_issue_36.gd:139)
SCRIPT ERROR: Cannot call method 'get_image' on a null value.
   at: _check_pixels (res://tools/capture_issue_36.gd:159)
   GDScript backtrace (most recent call first):
       [0] _check_pixels (res://tools/capture_issue_36.gd:159)
       [1] _capture_pair (res://tools/capture_issue_36.gd:139)
SCRIPT ERROR: Cannot call method 'get_image' on a null value.
   at: _check_pixels (res://tools/capture_issue_36.gd:159)
   GDScript backtrace (most recent call first):
       [0] _check_pixels (res://tools/capture_issue_36.gd:159)
       [1] _capture_pair (res://tools/capture_issue_36.gd:139)
SCRIPT ERROR: Cannot call method 'get_image' on a null value.
   at: _check_pixels (res://tools/capture_issue_36.gd:159)
   GDScript backtrace (most recent call first):
       [0] _check_pixels (res://tools/capture_issue_36.gd:159)
       [1] _capture_pair (res://tools/capture_issue_36.gd:139)
SCRIPT ERROR: Cannot call method 'get_image' on a null value.
   at: _check_pixels (res://tools/capture_issue_36.gd:159)
   GDScript backtrace (most recent call first):
       [0] _check_pixels (res://tools/capture_issue_36.gd:159)
       [1] _capture_pair (res://tools/capture_issue_36.gd:139)
SCRIPT ERROR: Cannot call method 'get_image' on a null value.
   at: _check_pixels (res://tools/capture_issue_36.gd:159)
   GDScript backtrace (most recent call first):
       [0] _check_pixels (res://tools/capture_issue_36.gd:159)
       [1] _capture_pair (res://tools/capture_issue_36.gd:139)
SCRIPT ERROR: Cannot call method 'get_image' on a null value.
   at: _check_pixels (res://tools/capture_issue_36.gd:159)
   GDScript backtrace (most recent call first):
       [0] _check_pixels (res://tools/capture_issue_36.gd:159)
       [1] _capture_pair (res://tools/capture_issue_36.gd:139)
SCRIPT ERROR: Cannot call method 'get_image' on a null value.
   at: _check_pixels (res://tools/capture_issue_36.gd:159)
   GDScript backtrace (most recent call first):
       [0] _check_pixels (res://tools/capture_issue_36.gd:159)
       [1] _capture_pair (res://tools/capture_issue_36.gd:139)
SCRIPT ERROR: Cannot call method 'get_image' on a null value.
   at: _check_pixels (res://tools/capture_issue_36.gd:159)
   GDScript backtrace (most recent call first):
       [0] _check_pixels (res://tools/capture_issue_36.gd:159)
       [1] _capture_pair (res://tools/capture_issue_36.gd:139)
SCRIPT ERROR: Cannot call method 'get_image' on a null value.
   at: _check_pixels (res://tools/capture_issue_36.gd:159)
   GDScript backtrace (most recent call first):
       [0] _check_pixels (res://tools/capture_issue_36.gd:159)
       [1] _capture_pair (res://tools/capture_issue_36.gd:139)
SCRIPT ERROR: Cannot call method 'get_image' on a null value.
   at: _check_pixels (res://tools/capture_issue_36.gd:159)
   GDScript backtrace (most recent call first):
       [0] _check_pixels (res://tools/capture_issue_36.gd:159)
       [1] _capture_pair (res://tools/capture_issue_36.gd:139)
SCRIPT ERROR: Cannot call method 'get_image' on a null value.
   at: _check_pixels (res://tools/capture_issue_36.gd:159)
   GDScript backtrace (most recent call first):
       [0] _check_pixels (res://tools/capture_issue_36.gd:159)
       [1] _capture_pair (res://tools/capture_issue_36.gd:139)
SCRIPT ERROR: Cannot call method 'get_image' on a null value.
   at: _check_pixels (res://tools/capture_issue_36.gd:159)
   GDScript backtrace (most recent call first):
       [0] _check_pixels (res://tools/capture_issue_36.gd:159)
       [1] _capture_pair (res://tools/capture_issue_36.gd:139)
SCRIPT ERROR: Cannot call method 'get_image' on a null value.
   at: _check_pixels (res://tools/capture_issue_36.gd:159)
   GDScript backtrace (most recent call first):
       [0] _check_pixels (res://tools/capture_issue_36.gd:159)
       [1] _capture_pair (res://tools/capture_issue_36.gd:139)
SCRIPT ERROR: Cannot call method 'get_image' on a null value.
   at: _check_pixels (res://tools/capture_issue_36.gd:159)
   GDScript backtrace (most recent call first):
       [0] _check_pixels (res://tools/capture_issue_36.gd:159)
       [1] _capture_pair (res://tools/capture_issue_36.gd:139)
SCRIPT ERROR: Cannot call method 'get_image' on a null value.
   at: _check_pixels (res://tools/capture_issue_36.gd:159)
   GDScript backtrace (most recent call first):
       [0] _check_pixels (res://tools/capture_issue_36.gd:159)
       [1] _capture_pair (res://tools/capture_issue_36.gd:139)
SCRIPT ERROR: Cannot call method 'get_image' on a null value.
   at: _check_pixels (res://tools/capture_issue_36.gd:159)
   GDScript backtrace (most recent call first):
       [0] _check_pixels (res://tools/capture_issue_36.gd:159)
       [1] _capture_pair (res://tools/capture_issue_36.gd:139)
SCRIPT ERROR: Cannot call method 'get_image' on a null value.
   at: _check_pixels (res://tools/capture_issue_36.gd:159)
   GDScript backtrace (most recent call first):
       [0] _check_pixels (res://tools/capture_issue_36.gd:159)
       [1] _capture_pair (res://tools/capture_issue_36.gd:139)
SCRIPT ERROR: Cannot call method 'get_image' on a null value.
   at: _check_pixels (res://tools/capture_issue_36.gd:159)
   GDScript backtrace (most recent call first):
       [0] _check_pixels (res://tools/capture_issue_36.gd:159)
       [1] _capture_pair (res://tools/capture_issue_36.gd:139)
SCRIPT ERROR: Cannot call method 'get_image' on a null value.
   at: _check_pixels (res://tools/capture_issue_36.gd:159)
   GDScript backtrace (most recent call first):
       [0] _check_pixels (res://tools/capture_issue_36.gd:159)
       [1] _capture_pair (res://tools/capture_issue_36.gd:139)
SCRIPT ERROR: Cannot call method 'get_image' on a null value.
   at: _check_pixels (res://tools/capture_issue_36.gd:159)
   GDScript backtrace (most recent call first):
       [0] _check_pixels (res://tools/capture_issue_36.gd:159)
       [1] _capture_pair (res://tools/capture_issue_36.gd:139)
SCRIPT ERROR: Cannot call method 'get_image' on a null value.
   at: _check_pixels (res://tools/capture_issue_36.gd:159)
   GDScript backtrace (most recent call first):
       [0] _check_pixels (res://tools/capture_issue_36.gd:159)
       [1] _capture_pair (res://tools/capture_issue_36.gd:139)
SCRIPT ERROR: Cannot call method 'get_image' on a null value.
   at: _check_pixels (res://tools/capture_issue_36.gd:159)
   GDScript backtrace (most recent call first):
       [0] _check_pixels (res://tools/capture_issue_36.gd:159)
       [1] _capture_pair (res://tools/capture_issue_36.gd:139)
SCRIPT ERROR: Cannot call method 'get_image' on a null value.
   at: _check_pixels (res://tools/capture_issue_36.gd:159)
   GDScript backtrace (most recent call first):
       [0] _check_pixels (res://tools/capture_issue_36.gd:159)
       [1] _capture_pair (res://tools/capture_issue_36.gd:139)
SCRIPT ERROR: Cannot call method 'get_image' on a null value.
   at: _check_pixels (res://tools/capture_issue_36.gd:159)
   GDScript backtrace (most recent call first):
       [0] _check_pixels (res://tools/capture_issue_36.gd:159)
       [1] _capture_pair (res://tools/capture_issue_36.gd:139)
SCRIPT ERROR: Cannot call method 'get_image' on a null value.
   at: _check_pixels (res://tools/capture_issue_36.gd:159)
   GDScript backtrace (most recent call first):
       [0] _check_pixels (res://tools/capture_issue_36.gd:159)
       [1] _capture_pair (res://tools/capture_issue_36.gd:139)
SCRIPT ERROR: Cannot call method 'get_image' on a null value.
   at: _check_pixels (res://tools/capture_issue_36.gd:159)
   GDScript backtrace (most recent call first):
       [0] _check_pixels (res://tools/capture_issue_36.gd:159)
       [1] _capture_pair (res://tools/capture_issue_36.gd:139)
SCRIPT ERROR: Cannot call method 'get_image' on a null value.
   at: _check_pixels (res://tools/capture_issue_36.gd:159)
   GDScript backtrace (most recent call first):
       [0] _check_pixels (res://tools/capture_issue_36.gd:159)
       [1] _capture_pair (res://tools/capture_issue_36.gd:139)
SCRIPT ERROR: Cannot call method 'get_image' on a null value.
   at: _check_pixels (res://tools/capture_issue_36.gd:159)
   GDScript backtrace (most recent call first):
       [0] _check_pixels (res://tools/capture_issue_36.gd:159)
       [1] _capture_pair (res://tools/capture_issue_36.gd:139)
SCRIPT ERROR: Cannot call method 'get_image' on a null value.
   at: _check_pixels (res://tools/capture_issue_36.gd:159)
   GDScript backtrace (most recent call first):
       [0] _check_pixels (res://tools/capture_issue_36.gd:159)
       [1] _capture_pair (res://tools/capture_issue_36.gd:139)
SCRIPT ERROR: Cannot call method 'get_image' on a null value.
   at: _check_pixels (res://tools/capture_issue_36.gd:159)
   GDScript backtrace (most recent call first):
       [0] _check_pixels (res://tools/capture_issue_36.gd:159)
       [1] _capture_pair (res://tools/capture_issue_36.gd:139)
SCRIPT ERROR: Cannot call method 'get_image' on a null value.
   at: _check_pixels (res://tools/capture_issue_36.gd:159)
   GDScript backtrace (most recent call first):
       [0] _check_pixels (res://tools/capture_issue_36.gd:159)
       [1] _capture_pair (res://tools/capture_issue_36.gd:139)
SCRIPT ERROR: Cannot call method 'get_image' on a null value.
   at: _check_pixels (res://tools/capture_issue_36.gd:159)
   GDScript backtrace (most recent call first):
       [0] _check_pixels (res://tools/capture_issue_36.gd:159)
       [1] _capture_pair (res://tools/capture_issue_36.gd:139)
SCRIPT ERROR: Cannot call method 'get_image' on a null value.
   at: _check_pixels (res://tools/capture_issue_36.gd:159)
   GDScript backtrace (most recent call first):
       [0] _check_pixels (res://tools/capture_issue_36.gd:159)
       [1] _capture_pair (res://tools/capture_issue_36.gd:139)
SCRIPT ERROR: Cannot call method 'get_image' on a null value.
   at: _check_pixels (res://tools/capture_issue_36.gd:159)
   GDScript backtrace (most recent call first):
       [0] _check_pixels (res://tools/capture_issue_36.gd:159)
       [1] _capture_pair (res://tools/capture_issue_36.gd:139)
SCRIPT ERROR: Cannot call method 'get_image' on a null value.
   at: _check_pixels (res://tools/capture_issue_36.gd:159)
   GDScript backtrace (most recent call first):
       [0] _check_pixels (res://tools/capture_issue_36.gd:159)
       [1] _capture_pair (res://tools/capture_issue_36.gd:139)
SCRIPT ERROR: Cannot call method 'get_image' on a null value.
   at: _check_pixels (res://tools/capture_issue_36.gd:159)
   GDScript backtrace (most recent call first):
       [0] _check_pixels (res://tools/capture_issue_36.gd:159)
       [1] _capture_pair (res://tools/capture_issue_36.gd:139)
SCRIPT ERROR: Cannot call method 'get_image' on a null value.
   at: _check_pixels (res://tools/capture_issue_36.gd:159)
   GDScript backtrace (most recent call first):
       [0] _check_pixels (res://tools/capture_issue_36.gd:159)
       [1] _capture_pair (res://tools/capture_issue_36.gd:139)
SCRIPT ERROR: Cannot call method 'get_image' on a null value.
   at: _check_pixels (res://tools/capture_issue_36.gd:159)
   GDScript backtrace (most recent call first):
       [0] _check_pixels (res://tools/capture_issue_36.gd:159)
       [1] _capture_pair (res://tools/capture_issue_36.gd:139)
SCRIPT ERROR: Cannot call method 'get_image' on a null value.
   at: _check_pixels (res://tools/capture_issue_36.gd:159)
   GDScript backtrace (most recent call first):
       [0] _check_pixels (res://tools/capture_issue_36.gd:159)
       [1] _capture_pair (res://tools/capture_issue_36.gd:139)
SCRIPT ERROR: Cannot call method 'get_image' on a null value.
   at: _check_pixels (res://tools/capture_issue_36.gd:159)
   GDScript backtrace (most recent call first):
       [0] _check_pixels (res://tools/capture_issue_36.gd:159)
       [1] _capture_pair (res://tools/capture_issue_36.gd:139)
SCRIPT ERROR: Cannot call method 'get_image' on a null value.
   at: _check_pixels (res://tools/capture_issue_36.gd:159)
   GDScript backtrace (most recent call first):
       [0] _check_pixels (res://tools/capture_issue_36.gd:159)
       [1] _capture_pair (res://tools/capture_issue_36.gd:139)
SCRIPT ERROR: Cannot call method 'get_image' on a null value.
   at: _check_pixels (res://tools/capture_issue_36.gd:159)
   GDScript backtrace (most recent call first):
       [0] _check_pixels (res://tools/capture_issue_36.gd:159)
       [1] _capture_pair (res://tools/capture_issue_36.gd:139)
SCRIPT ERROR: Cannot call method 'get_image' on a null value.
   at: _check_pixels (res://tools/capture_issue_36.gd:159)
   GDScript backtrace (most recent call first):
       [0] _check_pixels (res://tools/capture_issue_36.gd:159)
       [1] _capture_pair (res://tools/capture_issue_36.gd:139)
SCRIPT ERROR: Cannot call method 'get_image' on a null value.
   at: _check_pixels (res://tools/capture_issue_36.gd:159)
   GDScript backtrace (most recent call first):
       [0] _check_pixels (res://tools/capture_issue_36.gd:159)
       [1] _capture_pair (res://tools/capture_issue_36.gd:139)
SCRIPT ERROR: Cannot call method 'get_image' on a null value.
   at: _check_pixels (res://tools/capture_issue_36.gd:159)
   GDScript backtrace (most recent call first):
       [0] _check_pixels (res://tools/capture_issue_36.gd:159)
       [1] _capture_pair (res://tools/capture_issue_36.gd:139)
SCRIPT ERROR: Cannot call method 'get_image' on a null value.
   at: _check_pixels (res://tools/capture_issue_36.gd:159)
   GDScript backtrace (most recent call first):
       [0] _check_pixels (res://tools/capture_issue_36.gd:159)
       [1] _capture_pair (res://tools/capture_issue_36.gd:139)
SCRIPT ERROR: Cannot call method 'get_image' on a null value.
   at: _check_pixels (res://tools/capture_issue_36.gd:159)
   GDScript backtrace (most recent call first):
       [0] _check_pixels (res://tools/capture_issue_36.gd:159)
       [1] _capture_pair (res://tools/capture_issue_36.gd:139)
SCRIPT ERROR: Cannot call method 'get_image' on a null value.
   at: _check_pixels (res://tools/capture_issue_36.gd:159)
   GDScript backtrace (most recent call first):
       [0] _check_pixels (res://tools/capture_issue_36.gd:159)
       [1] _capture_pair (res://tools/capture_issue_36.gd:139)
SCRIPT ERROR: Cannot call method 'get_image' on a null value.
   at: _check_pixels (res://tools/capture_issue_36.gd:159)
   GDScript backtrace (most recent call first):
       [0] _check_pixels (res://tools/capture_issue_36.gd:159)
       [1] _capture_pair (res://tools/capture_issue_36.gd:139)
SCRIPT ERROR: Cannot call method 'get_image' on a null value.
   at: _check_pixels (res://tools/capture_issue_36.gd:159)
   GDScript backtrace (most recent call first):
       [0] _check_pixels (res://tools/capture_issue_36.gd:159)
       [1] _capture_pair (res://tools/capture_issue_36.gd:139)
SCRIPT ERROR: Cannot call method 'get_image' on a null value.
   at: _check_pixels (res://tools/capture_issue_36.gd:159)
   GDScript backtrace (most recent call first):
       [0] _check_pixels (res://tools/capture_issue_36.gd:159)
       [1] _capture_pair (res://tools/capture_issue_36.gd:139)
SCRIPT ERROR: Cannot call method 'get_image' on a null value.
   at: _check_pixels (res://tools/capture_issue_36.gd:159)
   GDScript backtrace (most recent call first):
       [0] _check_pixels (res://tools/capture_issue_36.gd:159)
       [1] _capture_pair (res://tools/capture_issue_36.gd:139)
SCRIPT ERROR: Cannot call method 'get_image' on a null value.
   at: _check_pixels (res://tools/capture_issue_36.gd:159)
   GDScript backtrace (most recent call first):
       [0] _check_pixels (res://tools/capture_issue_36.gd:159)
       [1] _capture_pair (res://tools/capture_issue_36.gd:139)
SCRIPT ERROR: Cannot call method 'get_image' on a null value.
   at: _check_pixels (res://tools/capture_issue_36.gd:159)
   GDScript backtrace (most recent call first):
       [0] _check_pixels (res://tools/capture_issue_36.gd:159)
       [1] _capture_pair (res://tools/capture_issue_36.gd:139)
SCRIPT ERROR: Cannot call method 'get_image' on a null value.
   at: _check_pixels (res://tools/capture_issue_36.gd:159)
   GDScript backtrace (most recent call first):
       [0] _check_pixels (res://tools/capture_issue_36.gd:159)
       [1] _capture_pair (res://tools/capture_issue_36.gd:139)
SCRIPT ERROR: Cannot call method 'get_image' on a null value.
   at: _check_pixels (res://tools/capture_issue_36.gd:159)
   GDScript backtrace (most recent call first):
       [0] _check_pixels (res://tools/capture_issue_36.gd:159)
       [1] _capture_pair (res://tools/capture_issue_36.gd:139)
SCRIPT ERROR: Cannot call method 'get_image' on a null value.
   at: _check_pixels (res://tools/capture_issue_36.gd:159)
   GDScript backtrace (most recent call first):
       [0] _check_pixels (res://tools/capture_issue_36.gd:159)
       [1] _capture_pair (res://tools/capture_issue_36.gd:139)
SCRIPT ERROR: Cannot call method 'get_image' on a null value.
   at: _check_pixels (res://tools/capture_issue_36.gd:159)
   GDScript backtrace (most recent call first):
       [0] _check_pixels (res://tools/capture_issue_36.gd:159)
       [1] _capture_pair (res://tools/capture_issue_36.gd:139)
SCRIPT ERROR: Cannot call method 'get_image' on a null value.
   at: _check_pixels (res://tools/capture_issue_36.gd:159)
   GDScript backtrace (most recent call first):
       [0] _check_pixels (res://tools/capture_issue_36.gd:159)
       [1] _capture_pair (res://tools/capture_issue_36.gd:139)
SCRIPT ERROR: Cannot call method 'get_image' on a null value.
   at: _check_pixels (res://tools/capture_issue_36.gd:159)
   GDScript backtrace (most recent call first):
       [0] _check_pixels (res://tools/capture_issue_36.gd:159)
       [1] _capture_pair (res://tools/capture_issue_36.gd:139)
SCRIPT ERROR: Cannot call method 'get_image' on a null value.
   at: _check_pixels (res://tools/capture_issue_36.gd:159)
   GDScript backtrace (most recent call first):
       [0] _check_pixels (res://tools/capture_issue_36.gd:159)
       [1] _capture_pair (res://tools/capture_issue_36.gd:139)
SCRIPT ERROR: Cannot call method 'get_image' on a null value.
   at: _check_pixels (res://tools/capture_issue_36.gd:159)
   GDScript backtrace (most recent call first):
       [0] _check_pixels (res://tools/capture_issue_36.gd:159)
       [1] _capture_pair (res://tools/capture_issue_36.gd:139)
SCRIPT ERROR: Cannot call method 'get_image' on a null value.
   at: _check_pixels (res://tools/capture_issue_36.gd:159)
   GDScript backtrace (most recent call first):
       [0] _check_pixels (res://tools/capture_issue_36.gd:159)
       [1] _capture_pair (res://tools/capture_issue_36.gd:139)
SCRIPT ERROR: Cannot call method 'get_image' on a null value.
   at: _check_pixels (res://tools/capture_issue_36.gd:159)
   GDScript backtrace (most recent call first):
       [0] _check_pixels (res://tools/capture_issue_36.gd:159)
       [1] _capture_pair (res://tools/capture_issue_36.gd:139)
SCRIPT ERROR: Cannot call method 'get_image' on a null value.
   at: _check_pixels (res://tools/capture_issue_36.gd:159)
   GDScript backtrace (most recent call first):
       [0] _check_pixels (res://tools/capture_issue_36.gd:159)
       [1] _capture_pair (res://tools/capture_issue_36.gd:139)
SCRIPT ERROR: Cannot call method 'get_image' on a null value.
   at: _check_pixels (res://tools/capture_issue_36.gd:159)
   GDScript backtrace (most recent call first):
       [0] _check_pixels (res://tools/capture_issue_36.gd:159)
       [1] _capture_pair (res://tools/capture_issue_36.gd:139)
SCRIPT ERROR: Cannot call method 'get_image' on a null value.
   at: _check_pixels (res://tools/capture_issue_36.gd:159)
   GDScript backtrace (most recent call first):
       [0] _check_pixels (res://tools/capture_issue_36.gd:159)
       [1] _capture_pair (res://tools/capture_issue_36.gd:139)
SCRIPT ERROR: Cannot call method 'get_image' on a null value.
   at: _check_pixels (res://tools/capture_issue_36.gd:159)
   GDScript backtrace (most recent call first):
       [0] _check_pixels (res://tools/capture_issue_36.gd:159)
       [1] _capture_pair (res://tools/capture_issue_36.gd:139)
SCRIPT ERROR: Cannot call method 'get_image' on a null value.
   at: _check_pixels (res://tools/capture_issue_36.gd:159)
   GDScript backtrace (most recent call first):
       [0] _check_pixels (res://tools/capture_issue_36.gd:159)
       [1] _capture_pair (res://tools/capture_issue_36.gd:139)
SCRIPT ERROR: Cannot call method 'get_image' on a null value.
   at: _check_pixels (res://tools/capture_issue_36.gd:159)
   GDScript backtrace (most recent call first):
       [0] _check_pixels (res://tools/capture_issue_36.gd:159)
       [1] _capture_pair (res://tools/capture_issue_36.gd:139)
SCRIPT ERROR: Cannot call method 'get_image' on a null value.
   at: _check_pixels (res://tools/capture_issue_36.gd:159)
   GDScript backtrace (most recent call first):
       [0] _check_pixels (res://tools/capture_issue_36.gd:159)
       [1] _capture_pair (res://tools/capture_issue_36.gd:139)
SCRIPT ERROR: Cannot call method 'get_image' on a null value.
   at: _check_pixels (res://tools/capture_issue_36.gd:159)
   GDScript backtrace (most recent call first):
       [0] _check_pixels (res://tools/capture_issue_36.gd:159)
       [1] _capture_pair (res://tools/capture_issue_36.gd:139)
SCRIPT ERROR: Cannot call method 'get_image' on a null value.
   at: _check_pixels (res://tools/capture_issue_36.gd:159)
   GDScript backtrace (most recent call first):
       [0] _check_pixels (res://tools/capture_issue_36.gd:159)
       [1] _capture_pair (res://tools/capture_issue_36.gd:139)
SCRIPT ERROR: Cannot call method 'get_image' on a null value.
   at: _check_pixels (res://tools/capture_issue_36.gd:159)
   GDScript backtrace (most recent call first):
       [0] _check_pixels (res://tools/capture_issue_36.gd:159)
       [1] _capture_pair (res://tools/capture_issue_36.gd:139)
SCRIPT ERROR: Cannot call method 'get_image' on a null value.
   at: _check_pixels (res://tools/capture_issue_36.gd:159)
   GDScript backtrace (most recent call first):
       [0] _check_pixels (res://tools/capture_issue_36.gd:159)
       [1] _capture_pair (res://tools/capture_issue_36.gd:139)
SCRIPT ERROR: Cannot call method 'get_image' on a null value.
   at: _check_pixels (res://tools/capture_issue_36.gd:159)
   GDScript backtrace (most recent call first):
       [0] _check_pixels (res://tools/capture_issue_36.gd:159)
       [1] _capture_pair (res://tools/capture_issue_36.gd:139)
SCRIPT ERROR: Cannot call method 'get_image' on a null value.
   at: _check_pixels (res://tools/capture_issue_36.gd:159)
   GDScript backtrace (most recent call first):
       [0] _check_pixels (res://tools/capture_issue_36.gd:159)
       [1] _capture_pair (res://tools/capture_issue_36.gd:139)
SCRIPT ERROR: Cannot call method 'get_image' on a null value.
   at: _check_pixels (res://tools/capture_issue_36.gd:159)
   GDScript backtrace (most recent call first):
       [0] _check_pixels (res://tools/capture_issue_36.gd:159)
       [1] _capture_pair (res://tools/capture_issue_36.gd:139)
SCRIPT ERROR: Cannot call method 'get_image' on a null value.
   at: _check_pixels (res://tools/capture_issue_36.gd:159)
   GDScript backtrace (most recent call first):
       [0] _check_pixels (res://tools/capture_issue_36.gd:159)
       [1] _capture_pair (res://tools/capture_issue_36.gd:139)
SCRIPT ERROR: Cannot call method 'get_image' on a null value.
   at: _check_pixels (res://tools/capture_issue_36.gd:159)
   GDScript backtrace (most recent call first):
       [0] _check_pixels (res://tools/capture_issue_36.gd:159)
       [1] _capture_pair (res://tools/capture_issue_36.gd:139)
SCRIPT ERROR: Cannot call method 'get_image' on a null value.
   at: _check_pixels (res://tools/capture_issue_36.gd:159)
   GDScript backtrace (most recent call first):
       [0] _check_pixels (res://tools/capture_issue_36.gd:159)
       [1] _capture_pair (res://tools/capture_issue_36.gd:139)
SCRIPT ERROR: Cannot call method 'get_image' on a null value.
   at: _check_pixels (res://tools/capture_issue_36.gd:159)
   GDScript backtrace (most recent call first):
       [0] _check_pixels (res://tools/capture_issue_36.gd:159)
       [1] _capture_pair (res://tools/capture_issue_36.gd:139)
SCRIPT ERROR: Cannot call method 'get_image' on a null value.
   at: _check_pixels (res://tools/capture_issue_36.gd:159)
   GDScript backtrace (most recent call first):
       [0] _check_pixels (res://tools/capture_issue_36.gd:159)
       [1] _capture_pair (res://tools/capture_issue_36.gd:139)
SCRIPT ERROR: Cannot call method 'get_image' on a null value.
   at: _check_pixels (res://tools/capture_issue_36.gd:159)
   GDScript backtrace (most recent call first):
       [0] _check_pixels (res://tools/capture_issue_36.gd:159)
       [1] _capture_pair (res://tools/capture_issue_36.gd:139)
SCRIPT ERROR: Cannot call method 'get_image' on a null value.
   at: _check_pixels (res://tools/capture_issue_36.gd:159)
   GDScript backtrace (most recent call first):
       [0] _check_pixels (res://tools/capture_issue_36.gd:159)
       [1] _capture_pair (res://tools/capture_issue_36.gd:139)
SCRIPT ERROR: Cannot call method 'get_image' on a null value.
   at: _check_pixels (res://tools/capture_issue_36.gd:159)
   GDScript backtrace (most recent call first):
       [0] _check_pixels (res://tools/capture_issue_36.gd:159)
       [1] _capture_pair (res://tools/capture_issue_36.gd:139)
SCRIPT ERROR: Cannot call method 'get_image' on a null value.
   at: _check_pixels (res://tools/capture_issue_36.gd:159)
   GDScript backtrace (most recent call first):
       [0] _check_pixels (res://tools/capture_issue_36.gd:159)
       [1] _capture_pair (res://tools/capture_issue_36.gd:139)
SCRIPT ERROR: Cannot call method 'get_image' on a null value.
   at: _check_pixels (res://tools/capture_issue_36.gd:159)
   GDScript backtrace (most recent call first):
       [0] _check_pixels (res://tools/capture_issue_36.gd:159)
       [1] _capture_pair (res://tools/capture_issue_36.gd:139)
SCRIPT ERROR: Cannot call method 'get_image' on a null value.
   at: _check_pixels (res://tools/capture_issue_36.gd:159)
   GDScript backtrace (most recent call first):
       [0] _check_pixels (res://tools/capture_issue_36.gd:159)
       [1] _capture_pair (res://tools/capture_issue_36.gd:139)
SCRIPT ERROR: Cannot call method 'get_image' on a null value.
   at: _check_pixels (res://tools/capture_issue_36.gd:159)
   GDScript backtrace (most recent call first):
       [0] _check_pixels (res://tools/capture_issue_36.gd:159)
       [1] _capture_pair (res://tools/capture_issue_36.gd:139)
SCRIPT ERROR: Cannot call method 'get_image' on a null value.
   at: _check_pixels (res://tools/capture_issue_36.gd:159)
   GDScript backtrace (most recent call first):
       [0] _check_pixels (res://tools/capture_issue_36.gd:159)
       [1] _capture_pair (res://tools/capture_issue_36.gd:139)
SCRIPT ERROR: Cannot call method 'get_image' on a null value.
   at: _check_pixels (res://tools/capture_issue_36.gd:159)
   GDScript backtrace (most recent call first):
       [0] _check_pixels (res://tools/capture_issue_36.gd:159)
       [1] _capture_pair (res://tools/capture_issue_36.gd:139)
SCRIPT ERROR: Cannot call method 'get_image' on a null value.
   at: _check_pixels (res://tools/capture_issue_36.gd:159)
   GDScript backtrace (most recent call first):
       [0] _check_pixels (res://tools/capture_issue_36.gd:159)
       [1] _capture_pair (res://tools/capture_issue_36.gd:139)
SCRIPT ERROR: Cannot call method 'get_image' on a null value.
   at: _check_pixels (res://tools/capture_issue_36.gd:159)
   GDScript backtrace (most recent call first):
       [0] _check_pixels (res://tools/capture_issue_36.gd:159)
       [1] _capture_pair (res://tools/capture_issue_36.gd:139)
SCRIPT ERROR: Cannot call method 'get_image' on a null value.
   at: _check_pixels (res://tools/capture_issue_36.gd:159)
   GDScript backtrace (most recent call first):
       [0] _check_pixels (res://tools/capture_issue_36.gd:159)
       [1] _capture_pair (res://tools/capture_issue_36.gd:139)
SCRIPT ERROR: Cannot call method 'get_image' on a null value.
   at: _check_pixels (res://tools/capture_issue_36.gd:159)
   GDScript backtrace (most recent call first):
       [0] _check_pixels (res://tools/capture_issue_36.gd:159)
       [1] _capture_pair (res://tools/capture_issue_36.gd:139)
SCRIPT ERROR: Cannot call method 'get_image' on a null value.
   at: _check_pixels (res://tools/capture_issue_36.gd:159)
   GDScript backtrace (most recent call first):
       [0] _check_pixels (res://tools/capture_issue_36.gd:159)
       [1] _capture_pair (res://tools/capture_issue_36.gd:139)
SCRIPT ERROR: Cannot call method 'get_image' on a null value.
   at: _check_pixels (res://tools/capture_issue_36.gd:159)
   GDScript backtrace (most recent call first):
       [0] _check_pixels (res://tools/capture_issue_36.gd:159)
       [1] _capture_pair (res://tools/capture_issue_36.gd:139)
SCRIPT ERROR: Cannot call method 'get_image' on a null value.
   at: _check_pixels (res://tools/capture_issue_36.gd:159)
   GDScript backtrace (most recent call first):
       [0] _check_pixels (res://tools/capture_issue_36.gd:159)
       [1] _capture_pair (res://tools/capture_issue_36.gd:139)
SCRIPT ERROR: Cannot call method 'get_image' on a null value.
   at: _check_pixels (res://tools/capture_issue_36.gd:159)
   GDScript backtrace (most recent call first):
       [0] _check_pixels (res://tools/capture_issue_36.gd:159)
       [1] _capture_pair (res://tools/capture_issue_36.gd:139)
SCRIPT ERROR: Cannot call method 'get_image' on a null value.
   at: _check_pixels (res://tools/capture_issue_36.gd:159)
   GDScript backtrace (most recent call first):
       [0] _check_pixels (res://tools/capture_issue_36.gd:159)
       [1] _capture_pair (res://tools/capture_issue_36.gd:139)
SCRIPT ERROR: Cannot call method 'get_image' on a null value.
   at: _check_pixels (res://tools/capture_issue_36.gd:159)
   GDScript backtrace (most recent call first):
       [0] _check_pixels (res://tools/capture_issue_36.gd:159)
       [1] _capture_pair (res://tools/capture_issue_36.gd:139)
SCRIPT ERROR: Cannot call method 'get_image' on a null value.
   at: _check_pixels (res://tools/capture_issue_36.gd:159)
   GDScript backtrace (most recent call first):
       [0] _check_pixels (res://tools/capture_issue_36.gd:159)
       [1] _capture_pair (res://tools/capture_issue_36.gd:139)
SCRIPT ERROR: Cannot call method 'get_image' on a null value.
   at: _check_pixels (res://tools/capture_issue_36.gd:159)
   GDScript backtrace (most recent call first):
       [0] _check_pixels (res://tools/capture_issue_36.gd:159)
       [1] _capture_pair (res://tools/capture_issue_36.gd:139)
SCRIPT ERROR: Cannot call method 'get_image' on a null value.
   at: _check_pixels (res://tools/capture_issue_36.gd:159)
   GDScript backtrace (most recent call first):
       [0] _check_pixels (res://tools/capture_issue_36.gd:159)
       [1] _capture_pair (res://tools/capture_issue_36.gd:139)
SCRIPT ERROR: Cannot call method 'get_image' on a null value.
   at: _check_pixels (res://tools/capture_issue_36.gd:159)
   GDScript backtrace (most recent call first):
       [0] _check_pixels (res://tools/capture_issue_36.gd:159)
       [1] _capture_pair (res://tools/capture_issue_36.gd:139)
SCRIPT ERROR: Cannot call method 'get_image' on a null value.
   at: _check_pixels (res://tools/capture_issue_36.gd:159)
   GDScript backtrace (most recent call first):
       [0] _check_pixels (res://tools/capture_issue_36.gd:159)
       [1] _capture_pair (res://tools/capture_issue_36.gd:139)
SCRIPT ERROR: Cannot call method 'get_image' on a null value.
   at: _check_pixels (res://tools/capture_issue_36.gd:159)
   GDScript backtrace (most recent call first):
       [0] _check_pixels (res://tools/capture_issue_36.gd:159)
       [1] _capture_pair (res://tools/capture_issue_36.gd:139)
SCRIPT ERROR: Cannot call method 'get_image' on a null value.
   at: _check_pixels (res://tools/capture_issue_36.gd:159)
   GDScript backtrace (most recent call first):
       [0] _check_pixels (res://tools/capture_issue_36.gd:159)
       [1] _capture_pair (res://tools/capture_issue_36.gd:139)
SCRIPT ERROR: Cannot call method 'get_image' on a null value.
   at: _check_pixels (res://tools/capture_issue_36.gd:159)
   GDScript backtrace (most recent call first):
       [0] _check_pixels (res://tools/capture_issue_36.gd:159)
       [1] _capture_pair (res://tools/capture_issue_36.gd:139)
SCRIPT ERROR: Cannot call method 'get_image' on a null value.
   at: _check_pixels (res://tools/capture_issue_36.gd:159)
   GDScript backtrace (most recent call first):
       [0] _check_pixels (res://tools/capture_issue_36.gd:159)
       [1] _capture_pair (res://tools/capture_issue_36.gd:139)
SCRIPT ERROR: Cannot call method 'get_image' on a null value.
   at: _check_pixels (res://tools/capture_issue_36.gd:159)
   GDScript backtrace (most recent call first):
       [0] _check_pixels (res://tools/capture_issue_36.gd:159)
       [1] _capture_pair (res://tools/capture_issue_36.gd:139)
SCRIPT ERROR: Cannot call method 'get_image' on a null value.
   at: _check_pixels (res://tools/capture_issue_36.gd:159)
   GDScript backtrace (most recent call first):
       [0] _check_pixels (res://tools/capture_issue_36.gd:159)
       [1] _capture_pair (res://tools/capture_issue_36.gd:139)
SCRIPT ERROR: Cannot call method 'get_image' on a null value.
   at: _check_pixels (res://tools/capture_issue_36.gd:159)
   GDScript backtrace (most recent call first):
       [0] _check_pixels (res://tools/capture_issue_36.gd:159)
       [1] _capture_pair (res://tools/capture_issue_36.gd:139)
SCRIPT ERROR: Cannot call method 'get_image' on a null value.
   at: _check_pixels (res://tools/capture_issue_36.gd:159)
   GDScript backtrace (most recent call first):
       [0] _check_pixels (res://tools/capture_issue_36.gd:159)
       [1] _capture_pair (res://tools/capture_issue_36.gd:139)
SCRIPT ERROR: Cannot call method 'get_image' on a null value.
   at: _check_pixels (res://tools/capture_issue_36.gd:159)
   GDScript backtrace (most recent call first):
       [0] _check_pixels (res://tools/capture_issue_36.gd:159)
       [1] _capture_pair (res://tools/capture_issue_36.gd:139)
SCRIPT ERROR: Cannot call method 'get_image' on a null value.
   at: _check_pixels (res://tools/capture_issue_36.gd:159)
   GDScript backtrace (most recent call first):
       [0] _check_pixels (res://tools/capture_issue_36.gd:159)
       [1] _capture_pair (res://tools/capture_issue_36.gd:139)
SCRIPT ERROR: Cannot call method 'get_image' on a null value.
   at: _check_pixels (res://tools/capture_issue_36.gd:159)
   GDScript backtrace (most recent call first):
       [0] _check_pixels (res://tools/capture_issue_36.gd:159)
       [1] _capture_pair (res://tools/capture_issue_36.gd:139)
SCRIPT ERROR: Cannot call method 'get_image' on a null value.
   at: _check_pixels (res://tools/capture_issue_36.gd:159)
   GDScript backtrace (most recent call first):
       [0] _check_pixels (res://tools/capture_issue_36.gd:159)
       [1] _capture_pair (res://tools/capture_issue_36.gd:139)
SCRIPT ERROR: Cannot call method 'get_image' on a null value.
   at: _check_pixels (res://tools/capture_issue_36.gd:159)
   GDScript backtrace (most recent call first):
       [0] _check_pixels (res://tools/capture_issue_36.gd:159)
       [1] _capture_pair (res://tools/capture_issue_36.gd:139)
SCRIPT ERROR: Cannot call method 'get_image' on a null value.
   at: _check_pixels (res://tools/capture_issue_36.gd:159)
   GDScript backtrace (most recent call first):
       [0] _check_pixels (res://tools/capture_issue_36.gd:159)
       [1] _capture_pair (res://tools/capture_issue_36.gd:139)
SCRIPT ERROR: Cannot call method 'get_image' on a null value.
   at: _check_pixels (res://tools/capture_issue_36.gd:159)
   GDScript backtrace (most recent call first):
       [0] _check_pixels (res://tools/capture_issue_36.gd:159)
       [1] _capture_pair (res://tools/capture_issue_36.gd:139)
SCRIPT ERROR: Cannot call method 'get_image' on a null value.
   at: _check_pixels (res://tools/capture_issue_36.gd:159)
   GDScript backtrace (most recent call first):
       [0] _check_pixels (res://tools/capture_issue_36.gd:159)
       [1] _capture_pair (res://tools/capture_issue_36.gd:139)
SCRIPT ERROR: Cannot call method 'get_image' on a null value.
   at: _check_pixels (res://tools/capture_issue_36.gd:159)
   GDScript backtrace (most recent call first):
       [0] _check_pixels (res://tools/capture_issue_36.gd:159)
       [1] _capture_pair (res://tools/capture_issue_36.gd:139)
SCRIPT ERROR: Cannot call method 'get_image' on a null value.
   at: _check_pixels (res://tools/capture_issue_36.gd:159)
   GDScript backtrace (most recent call first):
       [0] _check_pixels (res://tools/capture_issue_36.gd:159)
       [1] _capture_pair (res://tools/capture_issue_36.gd:139)
SCRIPT ERROR: Cannot call method 'get_image' on a null value.
   at: _check_pixels (res://tools/capture_issue_36.gd:159)
   GDScript backtrace (most recent call first):
       [0] _check_pixels (res://tools/capture_issue_36.gd:159)
       [1] _capture_pair (res://tools/capture_issue_36.gd:139)
SCRIPT ERROR: Cannot call method 'get_image' on a null value.
   at: _check_pixels (res://tools/capture_issue_36.gd:159)
   GDScript backtrace (most recent call first):
       [0] _check_pixels (res://tools/capture_issue_36.gd:159)
       [1] _capture_pair (res://tools/capture_issue_36.gd:139)
SCRIPT ERROR: Cannot call method 'get_image' on a null value.
   at: _check_pixels (res://tools/capture_issue_36.gd:159)
   GDScript backtrace (most recent call first):
       [0] _check_pixels (res://tools/capture_issue_36.gd:159)
       [1] _capture_pair (res://tools/capture_issue_36.gd:139)
SCRIPT ERROR: Cannot call method 'get_image' on a null value.
   at: _check_pixels (res://tools/capture_issue_36.gd:159)
   GDScript backtrace (most recent call first):
       [0] _check_pixels (res://tools/capture_issue_36.gd:159)
       [1] _capture_pair (res://tools/capture_issue_36.gd:139)
SCRIPT ERROR: Cannot call method 'get_image' on a null value.
   at: _check_pixels (res://tools/capture_issue_36.gd:159)
   GDScript backtrace (most recent call first):
       [0] _check_pixels (res://tools/capture_issue_36.gd:159)
       [1] _capture_pair (res://tools/capture_issue_36.gd:139)
SCRIPT ERROR: Cannot call method 'get_image' on a null value.
   at: _check_pixels (res://tools/capture_issue_36.gd:159)
   GDScript backtrace (most recent call first):
       [0] _check_pixels (res://tools/capture_issue_36.gd:159)
       [1] _capture_pair (res://tools/capture_issue_36.gd:139)
SCRIPT ERROR: Cannot call method 'get_image' on a null value.
   at: _check_pixels (res://tools/capture_issue_36.gd:159)
   GDScript backtrace (most recent call first):
       [0] _check_pixels (res://tools/capture_issue_36.gd:159)
       [1] _capture_pair (res://tools/capture_issue_36.gd:139)
SCRIPT ERROR: Cannot call method 'get_image' on a null value.
   at: _check_pixels (res://tools/capture_issue_36.gd:159)
   GDScript backtrace (most recent call first):
       [0] _check_pixels (res://tools/capture_issue_36.gd:159)
       [1] _capture_pair (res://tools/capture_issue_36.gd:139)
SCRIPT ERROR: Cannot call method 'get_image' on a null value.
   at: _check_pixels (res://tools/capture_issue_36.gd:159)
   GDScript backtrace (most recent call first):
       [0] _check_pixels (res://tools/capture_issue_36.gd:159)
       [1] _capture_pair (res://tools/capture_issue_36.gd:139)
SCRIPT ERROR: Cannot call method 'get_image' on a null value.
   at: _check_pixels (res://tools/capture_issue_36.gd:159)
   GDScript backtrace (most recent call first):
       [0] _check_pixels (res://tools/capture_issue_36.gd:159)
       [1] _capture_pair (res://tools/capture_issue_36.gd:139)
SCRIPT ERROR: Cannot call method 'get_image' on a null value.
   at: _check_pixels (res://tools/capture_issue_36.gd:159)
   GDScript backtrace (most recent call first):
       [0] _check_pixels (res://tools/capture_issue_36.gd:159)
       [1] _capture_pair (res://tools/capture_issue_36.gd:139)
SCRIPT ERROR: Cannot call method 'get_image' on a null value.
   at: _check_pixels (res://tools/capture_issue_36.gd:159)
   GDScript backtrace (most recent call first):
       [0] _check_pixels (res://tools/capture_issue_36.gd:159)
       [1] _capture_pair (res://tools/capture_issue_36.gd:139)
SCRIPT ERROR: Cannot call method 'get_image' on a null value.
   at: _check_pixels (res://tools/capture_issue_36.gd:159)
   GDScript backtrace (most recent call first):
       [0] _check_pixels (res://tools/capture_issue_36.gd:159)
       [1] _capture_pair (res://tools/capture_issue_36.gd:139)
SCRIPT ERROR: Cannot call method 'get_image' on a null value.
   at: _check_pixels (res://tools/capture_issue_36.gd:159)
   GDScript backtrace (most recent call first):
       [0] _check_pixels (res://tools/capture_issue_36.gd:159)
       [1] _capture_pair (res://tools/capture_issue_36.gd:139)
SCRIPT ERROR: Cannot call method 'get_image' on a null value.
   at: _check_pixels (res://tools/capture_issue_36.gd:159)
   GDScript backtrace (most recent call first):
       [0] _check_pixels (res://tools/capture_issue_36.gd:159)
       [1] _capture_pair (res://tools/capture_issue_36.gd:139)
SCRIPT ERROR: Cannot call method 'get_image' on a null value.
   at: _check_pixels (res://tools/capture_issue_36.gd:159)
   GDScript backtrace (most recent call first):
       [0] _check_pixels (res://tools/capture_issue_36.gd:159)
       [1] _capture_pair (res://tools/capture_issue_36.gd:139)
SCRIPT ERROR: Cannot call method 'get_image' on a null value.
   at: _check_pixels (res://tools/capture_issue_36.gd:159)
   GDScript backtrace (most recent call first):
       [0] _check_pixels (res://tools/capture_issue_36.gd:159)
       [1] _capture_pair (res://tools/capture_issue_36.gd:139)
SCRIPT ERROR: Cannot call method 'get_image' on a null value.
   at: _check_pixels (res://tools/capture_issue_36.gd:159)
   GDScript backtrace (most recent call first):
       [0] _check_pixels (res://tools/capture_issue_36.gd:159)
       [1] _capture_pair (res://tools/capture_issue_36.gd:139)
SCRIPT ERROR: Cannot call method 'get_image' on a null value.
   at: _check_pixels (res://tools/capture_issue_36.gd:159)
   GDScript backtrace (most recent call first):
       [0] _check_pixels (res://tools/capture_issue_36.gd:159)
       [1] _capture_pair (res://tools/capture_issue_36.gd:139)
SCRIPT ERROR: Cannot call method 'get_image' on a null value.
   at: _check_pixels (res://tools/capture_issue_36.gd:159)
   GDScript backtrace (most recent call first):
       [0] _check_pixels (res://tools/capture_issue_36.gd:159)
       [1] _capture_pair (res://tools/capture_issue_36.gd:139)
SCRIPT ERROR: Cannot call method 'get_image' on a null value.
   at: _check_pixels (res://tools/capture_issue_36.gd:159)
   GDScript backtrace (most recent call first):
       [0] _check_pixels (res://tools/capture_issue_36.gd:159)
       [1] _capture_pair (res://tools/capture_issue_36.gd:139)
SCRIPT ERROR: Cannot call method 'get_image' on a null value.
   at: _check_pixels (res://tools/capture_issue_36.gd:159)
   GDScript backtrace (most recent call first):
       [0] _check_pixels (res://tools/capture_issue_36.gd:159)
       [1] _capture_pair (res://tools/capture_issue_36.gd:139)
SCRIPT ERROR: Cannot call method 'get_image' on a null value.
   at: _check_pixels (res://tools/capture_issue_36.gd:159)
   GDScript backtrace (most recent call first):
       [0] _check_pixels (res://tools/capture_issue_36.gd:159)
       [1] _capture_pair (res://tools/capture_issue_36.gd:139)
SCRIPT ERROR: Cannot call method 'get_image' on a null value.
   at: _check_pixels (res://tools/capture_issue_36.gd:159)
   GDScript backtrace (most recent call first):
       [0] _check_pixels (res://tools/capture_issue_36.gd:159)
       [1] _capture_pair (res://tools/capture_issue_36.gd:139)
SCRIPT ERROR: Cannot call method 'get_image' on a null value.
   at: _check_pixels (res://tools/capture_issue_36.gd:159)
   GDScript backtrace (most recent call first):
       [0] _check_pixels (res://tools/capture_issue_36.gd:159)
       [1] _capture_pair (res://tools/capture_issue_36.gd:139)
SCRIPT ERROR: Cannot call method 'get_image' on a null value.
   at: _check_pixels (res://tools/capture_issue_36.gd:159)
   GDScript backtrace (most recent call first):
       [0] _check_pixels (res://tools/capture_issue_36.gd:159)
       [1] _capture_pair (res://tools/capture_issue_36.gd:139)
SCRIPT ERROR: Cannot call method 'get_image' on a null value.
   at: _check_pixels (res://tools/capture_issue_36.gd:159)
   GDScript backtrace (most recent call first):
       [0] _check_pixels (res://tools/capture_issue_36.gd:159)
       [1] _capture_pair (res://tools/capture_issue_36.gd:139)
SCRIPT ERROR: Cannot call method 'get_image' on a null value.
   at: _check_pixels (res://tools/capture_issue_36.gd:159)
   GDScript backtrace (most recent call first):
       [0] _check_pixels (res://tools/capture_issue_36.gd:159)
       [1] _capture_pair (res://tools/capture_issue_36.gd:139)
SCRIPT ERROR: Cannot call method 'get_image' on a null value.
   at: _check_pixels (res://tools/capture_issue_36.gd:159)
   GDScript backtrace (most recent call first):
       [0] _check_pixels (res://tools/capture_issue_36.gd:159)
       [1] _capture_pair (res://tools/capture_issue_36.gd:139)
SCRIPT ERROR: Cannot call method 'get_image' on a null value.
   at: _check_pixels (res://tools/capture_issue_36.gd:159)
   GDScript backtrace (most recent call first):
       [0] _check_pixels (res://tools/capture_issue_36.gd:159)
       [1] _capture_pair (res://tools/capture_issue_36.gd:139)
SCRIPT ERROR: Cannot call method 'get_image' on a null value.
   at: _check_pixels (res://tools/capture_issue_36.gd:159)
   GDScript backtrace (most recent call first):
       [0] _check_pixels (res://tools/capture_issue_36.gd:159)
       [1] _capture_pair (res://tools/capture_issue_36.gd:139)
SCRIPT ERROR: Cannot call method 'get_image' on a null value.
   at: _check_pixels (res://tools/capture_issue_36.gd:159)
   GDScript backtrace (most recent call first):
       [0] _check_pixels (res://tools/capture_issue_36.gd:159)
       [1] _capture_pair (res://tools/capture_issue_36.gd:139)
SCRIPT ERROR: Cannot call method 'get_image' on a null value.
   at: _check_pixels (res://tools/capture_issue_36.gd:159)
   GDScript backtrace (most recent call first):
       [0] _check_pixels (res://tools/capture_issue_36.gd:159)
       [1] _capture_pair (res://tools/capture_issue_36.gd:139)
SCRIPT ERROR: Cannot call method 'get_image' on a null value.
   at: _check_pixels (res://tools/capture_issue_36.gd:159)
   GDScript backtrace (most recent call first):
       [0] _check_pixels (res://tools/capture_issue_36.gd:159)
       [1] _capture_pair (res://tools/capture_issue_36.gd:139)
SCRIPT ERROR: Cannot call method 'get_image' on a null value.
   at: _check_pixels (res://tools/capture_issue_36.gd:159)
   GDScript backtrace (most recent call first):
       [0] _check_pixels (res://tools/capture_issue_36.gd:159)
       [1] _capture_pair (res://tools/capture_issue_36.gd:139)
SCRIPT ERROR: Cannot call method 'get_image' on a null value.
   at: _check_pixels (res://tools/capture_issue_36.gd:159)
   GDScript backtrace (most recent call first):
       [0] _check_pixels (res://tools/capture_issue_36.gd:159)
       [1] _capture_pair (res://tools/capture_issue_36.gd:139)
SCRIPT ERROR: Cannot call method 'get_image' on a null value.
   at: _check_pixels (res://tools/capture_issue_36.gd:159)
   GDScript backtrace (most recent call first):
       [0] _check_pixels (res://tools/capture_issue_36.gd:159)
       [1] _capture_pair (res://tools/capture_issue_36.gd:139)
SCRIPT ERROR: Cannot call method 'get_image' on a null value.
   at: _check_pixels (res://tools/capture_issue_36.gd:159)
   GDScript backtrace (most recent call first):
       [0] _check_pixels (res://tools/capture_issue_36.gd:159)
       [1] _capture_pair (res://tools/capture_issue_36.gd:139)
SCRIPT ERROR: Cannot call method 'get_image' on a null value.
   at: _check_pixels (res://tools/capture_issue_36.gd:159)
   GDScript backtrace (most recent call first):
       [0] _check_pixels (res://tools/capture_issue_36.gd:159)
       [1] _capture_pair (res://tools/capture_issue_36.gd:139)
SCRIPT ERROR: Cannot call method 'get_image' on a null value.
   at: _check_pixels (res://tools/capture_issue_36.gd:159)
   GDScript backtrace (most recent call first):
       [0] _check_pixels (res://tools/capture_issue_36.gd:159)
       [1] _capture_pair (res://tools/capture_issue_36.gd:139)
SCRIPT ERROR: Cannot call method 'get_image' on a null value.
   at: _check_pixels (res://tools/capture_issue_36.gd:159)
   GDScript backtrace (most recent call first):
       [0] _check_pixels (res://tools/capture_issue_36.gd:159)
       [1] _capture_pair (res://tools/capture_issue_36.gd:139)
SCRIPT ERROR: Cannot call method 'get_image' on a null value.
   at: _check_pixels (res://tools/capture_issue_36.gd:159)
   GDScript backtrace (most recent call first):
       [0] _check_pixels (res://tools/capture_issue_36.gd:159)
       [1] _capture_pair (res://tools/capture_issue_36.gd:139)
WARNING: 54 RIDs of type "CanvasItem" were leaked.
   at: _free_rids (servers/rendering/renderer_canvas_cull.cpp:2735)
WARNING: 57 ObjectDB instances were leaked at exit (run with `--verbose` for details).
   at: cleanup (core/object/object.cpp:2536)
ERROR: 2 resources still in use at exit (run with --verbose for details).
   at: clear (core/io/resource.cpp:822)


======================================================================
FAIL: test_running_turning_jump_landing_hurt_and_both_cameras (test_operative_flash_compositing.OperativeFlashCompositing.test_running_turning_jump_landing_hurt_and_both_cameras) (scenario='follow')
----------------------------------------------------------------------
Traceback (most recent call last):
  File "E:\Projects\game_hundouluo_codex_worktree\issue-36-muzzle-flash-compositing\.scratch\issue-36\verification-source-74bcc83\tests\test_operative_flash_compositing.py", line 20, in test_running_turning_jump_landing_hurt_and_both_cameras
    self.run_capture(["--full", "--ticks=180", "--scenario=" + scenario])
  File "E:\Projects\game_hundouluo_codex_worktree\issue-36-muzzle-flash-compositing\.scratch\issue-36\verification-source-74bcc83\tests\test_operative_flash_compositing.py", line 36, in run_capture
    self.assertIsNone(re.search(r"^\s*(ERROR:|SCRIPT ERROR:|WARNING:)", log, re.MULTILINE), log)
AssertionError: <re.Match object; span=(234, 240), match='ERROR:'> is not None : Godot Engine v4.7.2.stable.official.ed1daf0bf - https://godotengine.org
OpenGL API 3.3.0 NVIDIA 610.47 - Compatibility - Using Device: NVIDIA - NVIDIA GeForce RTX 4060 Laptop GPU

PASS: visible muzzle attachment and stable gun pixels
ERROR: 18 RID allocations of type 'P11GodotArea2D' were leaked at exit.
ERROR: 1 RID allocations of type 'P12GodotShape2D' were leaked at exit.
ERROR: Unable to open file: res://.godot/imported/base_tiles.png-26457a43f6facaf976ce05f158af5eec.ctex.
   at: _load_data (scene/resources/compressed_texture.cpp:45)
   GDScript backtrace (most recent call first):
       [0] _run (res://tools/capture_issue_36.gd:45)
ERROR: Failed loading resource: res://.godot/imported/base_tiles.png-26457a43f6facaf976ce05f158af5eec.ctex.
   at: _load (core/io/resource_loader.cpp:317)
   GDScript backtrace (most recent call first):
       [0] _run (res://tools/capture_issue_36.gd:45)
ERROR: Failed loading resource: res://assets/pixel/base_tiles.png.
   at: _load (core/io/resource_loader.cpp:317)
   GDScript backtrace (most recent call first):
       [0] _run (res://tools/capture_issue_36.gd:45)
ERROR: Unable to open file: res://.godot/imported/hangar_deck.png-23d76946811f5b7a9a143f16f20fe391.ctex.
   at: _load_data (scene/resources/compressed_texture.cpp:45)
   GDScript backtrace (most recent call first):
       [0] _run (res://tools/capture_issue_36.gd:45)
ERROR: Failed loading resource: res://.godot/imported/hangar_deck.png-23d76946811f5b7a9a143f16f20fe391.ctex.
   at: _load (core/io/resource_loader.cpp:317)
   GDScript backtrace (most recent call first):
       [0] _run (res://tools/capture_issue_36.gd:45)
ERROR: Failed loading resource: res://assets/pixel/hangar_deck.png.
   at: _load (core/io/resource_loader.cpp:317)
   GDScript backtrace (most recent call first):
       [0] _run (res://tools/capture_issue_36.gd:45)
SCRIPT ERROR: Parse Error: Could not preload resource file "res://assets/pixel/base_tiles.png".
   at: GDScript::reload (res://scripts/level.gd:5)
   GDScript backtrace (most recent call first):
       [0] _run (res://tools/capture_issue_36.gd:45)
SCRIPT ERROR: Parse Error: Cannot infer the type of "TILES" constant because the value doesn't have a set type.
   at: GDScript::reload (res://scripts/level.gd:5)
   GDScript backtrace (most recent call first):
       [0] _run (res://tools/capture_issue_36.gd:45)
SCRIPT ERROR: Parse Error: Could not preload resource file "res://assets/pixel/hangar_deck.png".
   at: GDScript::reload (res://scripts/level.gd:6)
   GDScript backtrace (most recent call first):
       [0] _run (res://tools/capture_issue_36.gd:45)
SCRIPT ERROR: Parse Error: Cannot infer the type of "DECK" constant because the value doesn't have a set type.
   at: GDScript::reload (res://scripts/level.gd:6)
   GDScript backtrace (most recent call first):
       [0] _run (res://tools/capture_issue_36.gd:45)
SCRIPT ERROR: Parse Error: Could not find type "MechanicalSoldier" in the current scope.
   at: GDScript::reload (res://scripts/level.gd:67)
   GDScript backtrace (most recent call first):
       [0] _run (res://tools/capture_issue_36.gd:45)
SCRIPT ERROR: Parse Error: Cannot infer the type of "soldier" variable because the value doesn't have a set type.
   at: GDScript::reload (res://scripts/level.gd:67)
   GDScript backtrace (most recent call first):
       [0] _run (res://tools/capture_issue_36.gd:45)
SCRIPT ERROR: Parse Error: Could not find type "MechanicalSoldier" in the current scope.
   at: GDScript::reload (res://scripts/level.gd:119)
   GDScript backtrace (most recent call first):
       [0] _run (res://tools/capture_issue_36.gd:45)
SCRIPT ERROR: Parse Error: Cannot infer the type of "soldier" variable because the value doesn't have a set type.
   at: GDScript::reload (res://scripts/level.gd:119)
   GDScript backtrace (most recent call first):
       [0] _run (res://tools/capture_issue_36.gd:45)
SCRIPT ERROR: Parse Error: Could not find type "DefenseMech" in the current scope.
   at: GDScript::reload (res://scripts/level.gd:133)
   GDScript backtrace (most recent call first):
       [0] _run (res://tools/capture_issue_36.gd:45)
SCRIPT ERROR: Parse Error: Cannot infer the type of "mech" variable because the value doesn't have a set type.
   at: GDScript::reload (res://scripts/level.gd:133)
   GDScript backtrace (most recent call first):
       [0] _run (res://tools/capture_issue_36.gd:45)
ERROR: Failed to load script "res://scripts/level.gd" with error "Parse error".
   at: load (modules/gdscript/gdscript_resource_format.cpp:46)
   GDScript backtrace (most recent call first):
       [0] _run (res://tools/capture_issue_36.gd:45)
ERROR: Unable to open file: res://.godot/imported/atlas.png-04c5df77a4b02244cd0e868f7017e8d8.ctex.
   at: _load_data (scene/resources/compressed_texture.cpp:45)
   GDScript backtrace (most recent call first):
       [0] _run (res://tools/capture_issue_36.gd:45)
ERROR: Failed loading resource: res://.godot/imported/atlas.png-04c5df77a4b02244cd0e868f7017e8d8.ctex.
   at: _load (core/io/resource_loader.cpp:317)
   GDScript backtrace (most recent call first):
       [0] _run (res://tools/capture_issue_36.gd:45)
ERROR: Failed loading resource: res://assets/combat_v011/atlas.png.
   at: _load (core/io/resource_loader.cpp:317)
   GDScript backtrace (most recent call first):
       [0] _run (res://tools/capture_issue_36.gd:45)
ERROR: res://scenes/friendly_projectile.tscn:19 - Parse Error: [ext_resource] referenced non-existent resource at: res://assets/combat_v011/atlas.png.
   at: _printerr (scene/resources/resource_format_text.cpp:41)
   GDScript backtrace (most recent call first):
       [0] _run (res://tools/capture_issue_36.gd:45)
ERROR: Unable to open file: res://.godot/imported/atlas.png-04c5df77a4b02244cd0e868f7017e8d8.ctex.
   at: _load_data (scene/resources/compressed_texture.cpp:45)
   GDScript backtrace (most recent call first):
       [0] _run (res://tools/capture_issue_36.gd:45)
ERROR: Failed loading resource: res://.godot/imported/atlas.png-04c5df77a4b02244cd0e868f7017e8d8.ctex.
   at: _load (core/io/resource_loader.cpp:317)
   GDScript backtrace (most recent call first):
       [0] _run (res://tools/capture_issue_36.gd:45)
ERROR: Failed loading resource: res://assets/combat_v011/atlas.png.
   at: _load (core/io/resource_loader.cpp:317)
   GDScript backtrace (most recent call first):
       [0] _run (res://tools/capture_issue_36.gd:45)
ERROR: res://scenes/combat_flash.tscn:9 - Parse Error: [ext_resource] referenced non-existent resource at: res://assets/combat_v011/atlas.png.
   at: _printerr (scene/resources/resource_format_text.cpp:41)
   GDScript backtrace (most recent call first):
       [0] _run (res://tools/capture_issue_36.gd:45)
ERROR: Unable to open file: res://.godot/imported/operative.png-705a9f046566e73ee88eae43ff2d8d2a.ctex.
   at: _load_data (scene/resources/compressed_texture.cpp:45)
   GDScript backtrace (most recent call first):
       [0] _run (res://tools/capture_issue_36.gd:45)
ERROR: Failed loading resource: res://.godot/imported/operative.png-705a9f046566e73ee88eae43ff2d8d2a.ctex.
   at: _load (core/io/resource_loader.cpp:317)
   GDScript backtrace (most recent call first):
       [0] _run (res://tools/capture_issue_36.gd:45)
ERROR: Failed loading resource: res://assets/pixel/operative.png.
   at: _load (core/io/resource_loader.cpp:317)
   GDScript backtrace (most recent call first):
       [0] _run (res://tools/capture_issue_36.gd:45)
ERROR: res://scenes/operative.tscn:23 - Parse Error: [ext_resource] referenced non-existent resource at: res://assets/pixel/operative.png.
   at: _printerr (scene/resources/resource_format_text.cpp:41)
   GDScript backtrace (most recent call first):
       [0] _run (res://tools/capture_issue_36.gd:45)
ERROR: Unable to open file: res://.godot/imported/hangar_far.png-8b02b32ccfe7b193cd9dc0a423685074.ctex.
   at: _load_data (scene/resources/compressed_texture.cpp:45)
   GDScript backtrace (most recent call first):
       [0] _run (res://tools/capture_issue_36.gd:45)
ERROR: Failed loading resource: res://.godot/imported/hangar_far.png-8b02b32ccfe7b193cd9dc0a423685074.ctex.
   at: _load (core/io/resource_loader.cpp:317)
   GDScript backtrace (most recent call first):
       [0] _run (res://tools/capture_issue_36.gd:45)
ERROR: Failed loading resource: res://assets/pixel/hangar_far.png.
   at: _load (core/io/resource_loader.cpp:317)
   GDScript backtrace (most recent call first):
       [0] _run (res://tools/capture_issue_36.gd:45)
ERROR: Unable to open file: res://.godot/imported/hangar_mid.png-a6cd488adb92e4a16ec5e64ae0e2bd2a.ctex.
   at: _load_data (scene/resources/compressed_texture.cpp:45)
   GDScript backtrace (most recent call first):
       [0] _run (res://tools/capture_issue_36.gd:45)
ERROR: Failed loading resource: res://.godot/imported/hangar_mid.png-a6cd488adb92e4a16ec5e64ae0e2bd2a.ctex.
   at: _load (core/io/resource_loader.cpp:317)
   GDScript backtrace (most recent call first):
       [0] _run (res://tools/capture_issue_36.gd:45)
ERROR: Failed loading resource: res://assets/pixel/hangar_mid.png.
   at: _load (core/io/resource_loader.cpp:317)
   GDScript backtrace (most recent call first):
       [0] _run (res://tools/capture_issue_36.gd:45)
ERROR: Unable to open file: res://.godot/imported/atlas.png-04c5df77a4b02244cd0e868f7017e8d8.ctex.
   at: _load_data (scene/resources/compressed_texture.cpp:45)
   GDScript backtrace (most recent call first):
       [0] _run (res://tools/capture_issue_36.gd:45)
ERROR: Failed loading resource: res://.godot/imported/atlas.png-04c5df77a4b02244cd0e868f7017e8d8.ctex.
   at: _load (core/io/resource_loader.cpp:317)
   GDScript backtrace (most recent call first):
       [0] _run (res://tools/capture_issue_36.gd:45)
ERROR: Failed loading resource: res://assets/combat_v011/atlas.png.
   at: _load (core/io/resource_loader.cpp:317)
   GDScript backtrace (most recent call first):
       [0] _run (res://tools/capture_issue_36.gd:45)
ERROR: res://scenes/enemy_projectile.tscn:19 - Parse Error: [ext_resource] referenced non-existent resource at: res://assets/combat_v011/atlas.png.
   at: _printerr (scene/resources/resource_format_text.cpp:41)
   GDScript backtrace (most recent call first):
       [0] _run (res://tools/capture_issue_36.gd:45)
ERROR: Unable to open file: res://.godot/imported/mechanical_soldier.png-77969d65dcf54cc8c874f0bc63900e84.ctex.
   at: _load_data (scene/resources/compressed_texture.cpp:45)
   GDScript backtrace (most recent call first):
       [0] _run (res://tools/capture_issue_36.gd:45)
ERROR: Failed loading resource: res://.godot/imported/mechanical_soldier.png-77969d65dcf54cc8c874f0bc63900e84.ctex.
   at: _load (core/io/resource_loader.cpp:317)
   GDScript backtrace (most recent call first):
       [0] _run (res://tools/capture_issue_36.gd:45)
ERROR: Failed loading resource: res://assets/pixel/mechanical_soldier.png.
   at: _load (core/io/resource_loader.cpp:317)
   GDScript backtrace (most recent call first):
       [0] _run (res://tools/capture_issue_36.gd:45)
ERROR: res://scenes/mechanical_soldier.tscn:24 - Parse Error: [ext_resource] referenced non-existent resource at: res://assets/pixel/mechanical_soldier.png.
   at: _printerr (scene/resources/resource_format_text.cpp:41)
   GDScript backtrace (most recent call first):
       [0] _run (res://tools/capture_issue_36.gd:45)
ERROR: Unable to open file: res://.godot/imported/defense_mech.png-2533390884123f8a3071e913696cc097.ctex.
   at: _load_data (scene/resources/compressed_texture.cpp:45)
   GDScript backtrace (most recent call first):
       [0] _run (res://tools/capture_issue_36.gd:45)
ERROR: Failed loading resource: res://.godot/imported/defense_mech.png-2533390884123f8a3071e913696cc097.ctex.
   at: _load (core/io/resource_loader.cpp:317)
   GDScript backtrace (most recent call first):
       [0] _run (res://tools/capture_issue_36.gd:45)
ERROR: Failed loading resource: res://assets/pixel/defense_mech.png.
   at: _load (core/io/resource_loader.cpp:317)
   GDScript backtrace (most recent call first):
       [0] _run (res://tools/capture_issue_36.gd:45)
ERROR: Unable to open file: res://.godot/imported/atlas.png-04c5df77a4b02244cd0e868f7017e8d8.ctex.
   at: _load_data (scene/resources/compressed_texture.cpp:45)
   GDScript backtrace (most recent call first):
       [0] _run (res://tools/capture_issue_36.gd:45)
ERROR: Failed loading resource: res://.godot/imported/atlas.png-04c5df77a4b02244cd0e868f7017e8d8.ctex.
   at: _load (core/io/resource_loader.cpp:317)
   GDScript backtrace (most recent call first):
       [0] _run (res://tools/capture_issue_36.gd:45)
ERROR: Failed loading resource: res://assets/combat_v011/atlas.png.
   at: _load (core/io/resource_loader.cpp:317)
   GDScript backtrace (most recent call first):
       [0] _run (res://tools/capture_issue_36.gd:45)
ERROR: res://scenes/defense_mech.tscn:25 - Parse Error: [ext_resource] referenced non-existent resource at: res://assets/pixel/defense_mech.png.
   at: _printerr (scene/resources/resource_format_text.cpp:41)
   GDScript backtrace (most recent call first):
       [0] _run (res://tools/capture_issue_36.gd:45)
ERROR: res://scenes/defense_mech.tscn:33 - Parse Error: [ext_resource] referenced non-existent resource at: res://assets/combat_v011/atlas.png.
   at: _printerr (scene/resources/resource_format_text.cpp:41)
   GDScript backtrace (most recent call first):
       [0] _run (res://tools/capture_issue_36.gd:45)
ERROR: Unable to open file: res://.godot/imported/life-full.png-7140023e5be9f07bf64d6a9a8e5f7855.ctex.
   at: _load_data (scene/resources/compressed_texture.cpp:45)
   GDScript backtrace (most recent call first):
       [0] _run (res://tools/capture_issue_36.gd:45)
ERROR: Failed loading resource: res://.godot/imported/life-full.png-7140023e5be9f07bf64d6a9a8e5f7855.ctex.
   at: _load (core/io/resource_loader.cpp:317)
   GDScript backtrace (most recent call first):
       [0] _run (res://tools/capture_issue_36.gd:45)
ERROR: Failed loading resource: res://assets/ui_v011/life-full.png.
   at: _load (core/io/resource_loader.cpp:317)
   GDScript backtrace (most recent call first):
       [0] _run (res://tools/capture_issue_36.gd:45)
ERROR: Unable to open file: res://.godot/imported/life-empty.png-aa84ef66ff744aff4a08b159a13641b8.ctex.
   at: _load_data (scene/resources/compressed_texture.cpp:45)
   GDScript backtrace (most recent call first):
       [0] _run (res://tools/capture_issue_36.gd:45)
ERROR: Failed loading resource: res://.godot/imported/life-empty.png-aa84ef66ff744aff4a08b159a13641b8.ctex.
   at: _load (core/io/resource_loader.cpp:317)
   GDScript backtrace (most recent call first):
       [0] _run (res://tools/capture_issue_36.gd:45)
ERROR: Failed loading resource: res://assets/ui_v011/life-empty.png.
   at: _load (core/io/resource_loader.cpp:317)
   GDScript backtrace (most recent call first):
       [0] _run (res://tools/capture_issue_36.gd:45)
SCRIPT ERROR: Parse Error: Could not preload resource file "res://assets/ui_v011/life-full.png".
   at: GDScript::reload (res://scripts/level_hud.gd:4)
   GDScript backtrace (most recent call first):
       [0] _run (res://tools/capture_issue_36.gd:45)
SCRIPT ERROR: Parse Error: Cannot infer the type of "LIFE_FULL" constant because the value doesn't have a set type.
   at: GDScript::reload (res://scripts/level_hud.gd:4)
   GDScript backtrace (most recent call first):
       [0] _run (res://tools/capture_issue_36.gd:45)
SCRIPT ERROR: Parse Error: Could not preload resource file "res://assets/ui_v011/life-empty.png".
   at: GDScript::reload (res://scripts/level_hud.gd:5)
   GDScript backtrace (most recent call first):
       [0] _run (res://tools/capture_issue_36.gd:45)
SCRIPT ERROR: Parse Error: Cannot infer the type of "LIFE_EMPTY" constant because the value doesn't have a set type.
   at: GDScript::reload (res://scripts/level_hud.gd:5)
   GDScript backtrace (most recent call first):
       [0] _run (res://tools/capture_issue_36.gd:45)
ERROR: Failed to load script "res://scripts/level_hud.gd" with error "Parse error".
   at: load (modules/gdscript/gdscript_resource_format.cpp:46)
   GDScript backtrace (most recent call first):
       [0] _run (res://tools/capture_issue_36.gd:45)
ERROR: Unable to open file: res://.godot/imported/atlas.png-04c5df77a4b02244cd0e868f7017e8d8.ctex.
   at: _load_data (scene/resources/compressed_texture.cpp:45)
   GDScript backtrace (most recent call first):
       [0] _run (res://tools/capture_issue_36.gd:45)
ERROR: Failed loading resource: res://.godot/imported/atlas.png-04c5df77a4b02244cd0e868f7017e8d8.ctex.
   at: _load (core/io/resource_loader.cpp:317)
   GDScript backtrace (most recent call first):
       [0] _run (res://tools/capture_issue_36.gd:45)
ERROR: Failed loading resource: res://assets/combat_v011/atlas.png.
   at: _load (core/io/resource_loader.cpp:317)
   GDScript backtrace (most recent call first):
       [0] _run (res://tools/capture_issue_36.gd:45)
SCRIPT ERROR: Parse Error: Could not preload resource file "res://assets/combat_v011/atlas.png".
   at: GDScript::reload (res://scripts/combat_feedback.gd:25)
   GDScript backtrace (most recent call first):
       [0] _run (res://tools/capture_issue_36.gd:45)
SCRIPT ERROR: Parse Error: Cannot infer the type of "IMPACT_ATLAS" constant because the value doesn't have a set type.
   at: GDScript::reload (res://scripts/combat_feedback.gd:25)
   GDScript backtrace (most recent call first):
       [0] _run (res://tools/capture_issue_36.gd:45)
ERROR: Failed to load script "res://scripts/combat_feedback.gd" with error "Parse error".
   at: load (modules/gdscript/gdscript_resource_format.cpp:46)
   GDScript backtrace (most recent call first):
       [0] _run (res://tools/capture_issue_36.gd:45)
ERROR: Unable to open file: res://.godot/imported/gate.png-1c7e3da1def0016ab8cab89aa14aeee0.ctex.
   at: _load_data (scene/resources/compressed_texture.cpp:45)
   GDScript backtrace (most recent call first):
       [0] _run (res://tools/capture_issue_36.gd:45)
ERROR: Failed loading resource: res://.godot/imported/gate.png-1c7e3da1def0016ab8cab89aa14aeee0.ctex.
   at: _load (core/io/resource_loader.cpp:317)
   GDScript backtrace (most recent call first):
       [0] _run (res://tools/capture_issue_36.gd:45)
ERROR: Failed loading resource: res://assets/entry_gate_v011/gate.png.
   at: _load (core/io/resource_loader.cpp:317)
   GDScript backtrace (most recent call first):
       [0] _run (res://tools/capture_issue_36.gd:45)
ERROR: Unable to open file: res://.godot/imported/hud.png-b93ca9f6f8ae04c8902fd378e45662c7.ctex.
   at: _load_data (scene/resources/compressed_texture.cpp:45)
   GDScript backtrace (most recent call first):
       [0] _run (res://tools/capture_issue_36.gd:45)
ERROR: Failed loading resource: res://.godot/imported/hud.png-b93ca9f6f8ae04c8902fd378e45662c7.ctex.
   at: _load (core/io/resource_loader.cpp:317)
   GDScript backtrace (most recent call first):
       [0] _run (res://tools/capture_issue_36.gd:45)
ERROR: Failed loading resource: res://assets/ui_v011/hud.png.
   at: _load (core/io/resource_loader.cpp:317)
   GDScript backtrace (most recent call first):
       [0] _run (res://tools/capture_issue_36.gd:45)
ERROR: Unable to open file: res://.godot/imported/life-full.png-7140023e5be9f07bf64d6a9a8e5f7855.ctex.
   at: _load_data (scene/resources/compressed_texture.cpp:45)
   GDScript backtrace (most recent call first):
       [0] _run (res://tools/capture_issue_36.gd:45)
ERROR: Failed loading resource: res://.godot/imported/life-full.png-7140023e5be9f07bf64d6a9a8e5f7855.ctex.
   at: _load (core/io/resource_loader.cpp:317)
   GDScript backtrace (most recent call first):
       [0] _run (res://tools/capture_issue_36.gd:45)
ERROR: Failed loading resource: res://assets/ui_v011/life-full.png.
   at: _load (core/io/resource_loader.cpp:317)
   GDScript backtrace (most recent call first):
       [0] _run (res://tools/capture_issue_36.gd:45)
ERROR: Unable to open file: res://.godot/imported/outcome-top.png-3aa8a5ef9b558e5401d15e59d8cbe624.ctex.
   at: _load_data (scene/resources/compressed_texture.cpp:45)
   GDScript backtrace (most recent call first):
       [0] _run (res://tools/capture_issue_36.gd:45)
ERROR: Failed loading resource: res://.godot/imported/outcome-top.png-3aa8a5ef9b558e5401d15e59d8cbe624.ctex.
   at: _load (core/io/resource_loader.cpp:317)
   GDScript backtrace (most recent call first):
       [0] _run (res://tools/capture_issue_36.gd:45)
ERROR: Failed loading resource: res://assets/ui_v011/outcome-top.png.
   at: _load (core/io/resource_loader.cpp:317)
   GDScript backtrace (most recent call first):
       [0] _run (res://tools/capture_issue_36.gd:45)
ERROR: Unable to open file: res://.godot/imported/outcome-bottom.png-2b1fd568a2c7d52b34595a89b3e6106f.ctex.
   at: _load_data (scene/resources/compressed_texture.cpp:45)
   GDScript backtrace (most recent call first):
       [0] _run (res://tools/capture_issue_36.gd:45)
ERROR: Failed loading resource: res://.godot/imported/outcome-bottom.png-2b1fd568a2c7d52b34595a89b3e6106f.ctex.
   at: _load (core/io/resource_loader.cpp:317)
   GDScript backtrace (most recent call first):
       [0] _run (res://tools/capture_issue_36.gd:45)
ERROR: Failed loading resource: res://assets/ui_v011/outcome-bottom.png.
   at: _load (core/io/resource_loader.cpp:317)
   GDScript backtrace (most recent call first):
       [0] _run (res://tools/capture_issue_36.gd:45)
ERROR: Unable to open file: res://.godot/imported/portrait.png-713fc3f6419524a88943faaa969238c5.ctex.
   at: _load_data (scene/resources/compressed_texture.cpp:45)
   GDScript backtrace (most recent call first):
       [0] _run (res://tools/capture_issue_36.gd:45)
ERROR: Failed loading resource: res://.godot/imported/portrait.png-713fc3f6419524a88943faaa969238c5.ctex.
   at: _load (core/io/resource_loader.cpp:317)
   GDScript backtrace (most recent call first):
       [0] _run (res://tools/capture_issue_36.gd:45)
ERROR: Failed loading resource: res://assets/ui_v011/portrait.png.
   at: _load (core/io/resource_loader.cpp:317)
   GDScript backtrace (most recent call first):
       [0] _run (res://tools/capture_issue_36.gd:45)
ERROR: Unable to open file: res://.godot/imported/rifle.png-e50bf32ad472a35d093785d4d48b3c72.ctex.
   at: _load_data (scene/resources/compressed_texture.cpp:45)
   GDScript backtrace (most recent call first):
       [0] _run (res://tools/capture_issue_36.gd:45)
ERROR: Failed loading resource: res://.godot/imported/rifle.png-e50bf32ad472a35d093785d4d48b3c72.ctex.
   at: _load (core/io/resource_loader.cpp:317)
   GDScript backtrace (most recent call first):
       [0] _run (res://tools/capture_issue_36.gd:45)
ERROR: Failed loading resource: res://assets/ui_v011/rifle.png.
   at: _load (core/io/resource_loader.cpp:317)
   GDScript backtrace (most recent call first):
       [0] _run (res://tools/capture_issue_36.gd:45)
ERROR: Cannot open file 'res://.godot/imported/fusion-pixel-12px-proportional-zh_hans.otf-cbf128b4da7acd6603a3be3f834c880b.fontdata'.
   at: load (core/io/resource_format_binary.cpp:1156)
   GDScript backtrace (most recent call first):
       [0] _run (res://tools/capture_issue_36.gd:45)
ERROR: Failed loading resource: res://.godot/imported/fusion-pixel-12px-proportional-zh_hans.otf-cbf128b4da7acd6603a3be3f834c880b.fontdata.
   at: _load (core/io/resource_loader.cpp:317)
   GDScript backtrace (most recent call first):
       [0] _run (res://tools/capture_issue_36.gd:45)
ERROR: Failed loading resource: res://assets/ui_v011/fusion-pixel-12px-proportional-zh_hans.otf.
   at: _load (core/io/resource_loader.cpp:317)
   GDScript backtrace (most recent call first):
       [0] _run (res://tools/capture_issue_36.gd:45)
ERROR: res://scenes/level.tscn:54 - Parse Error: [ext_resource] referenced non-existent resource at: res://assets/pixel/hangar_far.png.
   at: _printerr (scene/resources/resource_format_text.cpp:41)
   GDScript backtrace (most recent call first):
       [0] _run (res://tools/capture_issue_36.gd:45)
ERROR: res://scenes/level.tscn:60 - Parse Error: [ext_resource] referenced non-existent resource at: res://assets/pixel/hangar_mid.png.
   at: _printerr (scene/resources/resource_format_text.cpp:41)
   GDScript backtrace (most recent call first):
       [0] _run (res://tools/capture_issue_36.gd:45)
ERROR: res://scenes/level.tscn:66 - Parse Error: [ext_resource] referenced non-existent resource at: res://assets/pixel/hangar_far.png.
   at: _printerr (scene/resources/resource_format_text.cpp:41)
   GDScript backtrace (most recent call first):
       [0] _run (res://tools/capture_issue_36.gd:45)
ERROR: res://scenes/level.tscn:72 - Parse Error: [ext_resource] referenced non-existent resource at: res://assets/pixel/hangar_mid.png.
   at: _printerr (scene/resources/resource_format_text.cpp:41)
   GDScript backtrace (most recent call first):
       [0] _run (res://tools/capture_issue_36.gd:45)
ERROR: res://scenes/level.tscn:78 - Parse Error: [ext_resource] referenced non-existent resource at: res://assets/pixel/hangar_far.png.
   at: _printerr (scene/resources/resource_format_text.cpp:41)
   GDScript backtrace (most recent call first):
       [0] _run (res://tools/capture_issue_36.gd:45)
ERROR: res://scenes/level.tscn:84 - Parse Error: [ext_resource] referenced non-existent resource at: res://assets/pixel/hangar_mid.png.
   at: _printerr (scene/resources/resource_format_text.cpp:41)
   GDScript backtrace (most recent call first):
       [0] _run (res://tools/capture_issue_36.gd:45)
ERROR: res://scenes/level.tscn:118 - Parse Error: [ext_resource] referenced non-existent resource at: res://assets/entry_gate_v011/gate.png.
   at: _printerr (scene/resources/resource_format_text.cpp:41)
   GDScript backtrace (most recent call first):
       [0] _run (res://tools/capture_issue_36.gd:45)
ERROR: res://scenes/level.tscn:198 - Parse Error: [ext_resource] referenced non-existent resource at: res://assets/ui_v011/hud.png.
   at: _printerr (scene/resources/resource_format_text.cpp:41)
   GDScript backtrace (most recent call first):
       [0] _run (res://tools/capture_issue_36.gd:45)
ERROR: res://scenes/level.tscn:207 - Parse Error: [ext_resource] referenced non-existent resource at: res://assets/ui_v011/life-full.png.
   at: _printerr (scene/resources/resource_format_text.cpp:41)
   GDScript backtrace (most recent call first):
       [0] _run (res://tools/capture_issue_36.gd:45)
ERROR: res://scenes/level.tscn:216 - Parse Error: [ext_resource] referenced non-existent resource at: res://assets/ui_v011/life-full.png.
   at: _printerr (scene/resources/resource_format_text.cpp:41)
   GDScript backtrace (most recent call first):
       [0] _run (res://tools/capture_issue_36.gd:45)
ERROR: res://scenes/level.tscn:225 - Parse Error: [ext_resource] referenced non-existent resource at: res://assets/ui_v011/life-full.png.
   at: _printerr (scene/resources/resource_format_text.cpp:41)
   GDScript backtrace (most recent call first):
       [0] _run (res://tools/capture_issue_36.gd:45)
ERROR: res://scenes/level.tscn:234 - Parse Error: [ext_resource] referenced non-existent resource at: res://assets/ui_v011/portrait.png.
   at: _printerr (scene/resources/resource_format_text.cpp:41)
   GDScript backtrace (most recent call first):
       [0] _run (res://tools/capture_issue_36.gd:45)
ERROR: res://scenes/level.tscn:244 - Parse Error: [ext_resource] referenced non-existent resource at: res://assets/ui_v011/rifle.png.
   at: _printerr (scene/resources/resource_format_text.cpp:41)
   GDScript backtrace (most recent call first):
       [0] _run (res://tools/capture_issue_36.gd:45)
ERROR: res://scenes/level.tscn:258 - Parse Error: [ext_resource] referenced non-existent resource at: res://assets/ui_v011/fusion-pixel-12px-proportional-zh_hans.otf.
   at: _printerr (scene/resources/resource_format_text.cpp:41)
   GDScript backtrace (most recent call first):
       [0] _run (res://tools/capture_issue_36.gd:45)
ERROR: res://scenes/level.tscn:274 - Parse Error: [ext_resource] referenced non-existent resource at: res://assets/ui_v011/fusion-pixel-12px-proportional-zh_hans.otf.
   at: _printerr (scene/resources/resource_format_text.cpp:41)
   GDScript backtrace (most recent call first):
       [0] _run (res://tools/capture_issue_36.gd:45)
ERROR: res://scenes/level.tscn:316 - Parse Error: [ext_resource] referenced non-existent resource at: res://assets/ui_v011/outcome-top.png.
   at: _printerr (scene/resources/resource_format_text.cpp:41)
   GDScript backtrace (most recent call first):
       [0] _run (res://tools/capture_issue_36.gd:45)
ERROR: res://scenes/level.tscn:327 - Parse Error: [ext_resource] referenced non-existent resource at: res://assets/ui_v011/outcome-bottom.png.
   at: _printerr (scene/resources/resource_format_text.cpp:41)
   GDScript backtrace (most recent call first):
       [0] _run (res://tools/capture_issue_36.gd:45)
ERROR: res://scenes/level.tscn:341 - Parse Error: [ext_resource] referenced non-existent resource at: res://assets/ui_v011/fusion-pixel-12px-proportional-zh_hans.otf.
   at: _printerr (scene/resources/resource_format_text.cpp:41)
   GDScript backtrace (most recent call first):
       [0] _run (res://tools/capture_issue_36.gd:45)
ERROR: res://scenes/level.tscn:357 - Parse Error: [ext_resource] referenced non-existent resource at: res://assets/ui_v011/fusion-pixel-12px-proportional-zh_hans.otf.
   at: _printerr (scene/resources/resource_format_text.cpp:41)
   GDScript backtrace (most recent call first):
       [0] _run (res://tools/capture_issue_36.gd:45)
ERROR: res://scenes/level.tscn:373 - Parse Error: [ext_resource] referenced non-existent resource at: res://assets/ui_v011/fusion-pixel-12px-proportional-zh_hans.otf.
   at: _printerr (scene/resources/resource_format_text.cpp:41)
   GDScript backtrace (most recent call first):
       [0] _run (res://tools/capture_issue_36.gd:45)
SCRIPT ERROR: Cannot call method 'get_image' on a null value.
   at: _check_pixels (res://tools/capture_issue_36.gd:159)
   GDScript backtrace (most recent call first):
       [0] _check_pixels (res://tools/capture_issue_36.gd:159)
       [1] _capture_pair (res://tools/capture_issue_36.gd:139)
SCRIPT ERROR: Cannot call method 'get_image' on a null value.
   at: _check_pixels (res://tools/capture_issue_36.gd:159)
   GDScript backtrace (most recent call first):
       [0] _check_pixels (res://tools/capture_issue_36.gd:159)
       [1] _capture_pair (res://tools/capture_issue_36.gd:139)
SCRIPT ERROR: Cannot call method 'get_image' on a null value.
   at: _check_pixels (res://tools/capture_issue_36.gd:159)
   GDScript backtrace (most recent call first):
       [0] _check_pixels (res://tools/capture_issue_36.gd:159)
       [1] _capture_pair (res://tools/capture_issue_36.gd:139)
SCRIPT ERROR: Cannot call method 'get_image' on a null value.
   at: _check_pixels (res://tools/capture_issue_36.gd:159)
   GDScript backtrace (most recent call first):
       [0] _check_pixels (res://tools/capture_issue_36.gd:159)
       [1] _capture_pair (res://tools/capture_issue_36.gd:139)
SCRIPT ERROR: Cannot call method 'get_image' on a null value.
   at: _check_pixels (res://tools/capture_issue_36.gd:159)
   GDScript backtrace (most recent call first):
       [0] _check_pixels (res://tools/capture_issue_36.gd:159)
       [1] _capture_pair (res://tools/capture_issue_36.gd:139)
SCRIPT ERROR: Cannot call method 'get_image' on a null value.
   at: _check_pixels (res://tools/capture_issue_36.gd:159)
   GDScript backtrace (most recent call first):
       [0] _check_pixels (res://tools/capture_issue_36.gd:159)
       [1] _capture_pair (res://tools/capture_issue_36.gd:139)
SCRIPT ERROR: Cannot call method 'get_image' on a null value.
   at: _check_pixels (res://tools/capture_issue_36.gd:159)
   GDScript backtrace (most recent call first):
       [0] _check_pixels (res://tools/capture_issue_36.gd:159)
       [1] _capture_pair (res://tools/capture_issue_36.gd:139)
SCRIPT ERROR: Cannot call method 'get_image' on a null value.
   at: _check_pixels (res://tools/capture_issue_36.gd:159)
   GDScript backtrace (most recent call first):
       [0] _check_pixels (res://tools/capture_issue_36.gd:159)
       [1] _capture_pair (res://tools/capture_issue_36.gd:139)
SCRIPT ERROR: Cannot call method 'get_image' on a null value.
   at: _check_pixels (res://tools/capture_issue_36.gd:159)
   GDScript backtrace (most recent call first):
       [0] _check_pixels (res://tools/capture_issue_36.gd:159)
       [1] _capture_pair (res://tools/capture_issue_36.gd:139)
SCRIPT ERROR: Cannot call method 'get_image' on a null value.
   at: _check_pixels (res://tools/capture_issue_36.gd:159)
   GDScript backtrace (most recent call first):
       [0] _check_pixels (res://tools/capture_issue_36.gd:159)
       [1] _capture_pair (res://tools/capture_issue_36.gd:139)
SCRIPT ERROR: Cannot call method 'get_image' on a null value.
   at: _check_pixels (res://tools/capture_issue_36.gd:159)
   GDScript backtrace (most recent call first):
       [0] _check_pixels (res://tools/capture_issue_36.gd:159)
       [1] _capture_pair (res://tools/capture_issue_36.gd:139)
SCRIPT ERROR: Cannot call method 'get_image' on a null value.
   at: _check_pixels (res://tools/capture_issue_36.gd:159)
   GDScript backtrace (most recent call first):
       [0] _check_pixels (res://tools/capture_issue_36.gd:159)
       [1] _capture_pair (res://tools/capture_issue_36.gd:139)
SCRIPT ERROR: Cannot call method 'get_image' on a null value.
   at: _check_pixels (res://tools/capture_issue_36.gd:159)
   GDScript backtrace (most recent call first):
       [0] _check_pixels (res://tools/capture_issue_36.gd:159)
       [1] _capture_pair (res://tools/capture_issue_36.gd:139)
SCRIPT ERROR: Cannot call method 'get_image' on a null value.
   at: _check_pixels (res://tools/capture_issue_36.gd:159)
   GDScript backtrace (most recent call first):
       [0] _check_pixels (res://tools/capture_issue_36.gd:159)
       [1] _capture_pair (res://tools/capture_issue_36.gd:139)
SCRIPT ERROR: Cannot call method 'get_image' on a null value.
   at: _check_pixels (res://tools/capture_issue_36.gd:159)
   GDScript backtrace (most recent call first):
       [0] _check_pixels (res://tools/capture_issue_36.gd:159)
       [1] _capture_pair (res://tools/capture_issue_36.gd:139)
SCRIPT ERROR: Cannot call method 'get_image' on a null value.
   at: _check_pixels (res://tools/capture_issue_36.gd:159)
   GDScript backtrace (most recent call first):
       [0] _check_pixels (res://tools/capture_issue_36.gd:159)
       [1] _capture_pair (res://tools/capture_issue_36.gd:139)
SCRIPT ERROR: Cannot call method 'get_image' on a null value.
   at: _check_pixels (res://tools/capture_issue_36.gd:159)
   GDScript backtrace (most recent call first):
       [0] _check_pixels (res://tools/capture_issue_36.gd:159)
       [1] _capture_pair (res://tools/capture_issue_36.gd:139)
SCRIPT ERROR: Cannot call method 'get_image' on a null value.
   at: _check_pixels (res://tools/capture_issue_36.gd:159)
   GDScript backtrace (most recent call first):
       [0] _check_pixels (res://tools/capture_issue_36.gd:159)
       [1] _capture_pair (res://tools/capture_issue_36.gd:139)
SCRIPT ERROR: Cannot call method 'get_image' on a null value.
   at: _check_pixels (res://tools/capture_issue_36.gd:159)
   GDScript backtrace (most recent call first):
       [0] _check_pixels (res://tools/capture_issue_36.gd:159)
       [1] _capture_pair (res://tools/capture_issue_36.gd:139)
SCRIPT ERROR: Cannot call method 'get_image' on a null value.
   at: _check_pixels (res://tools/capture_issue_36.gd:159)
   GDScript backtrace (most recent call first):
       [0] _check_pixels (res://tools/capture_issue_36.gd:159)
       [1] _capture_pair (res://tools/capture_issue_36.gd:139)
SCRIPT ERROR: Cannot call method 'get_image' on a null value.
   at: _check_pixels (res://tools/capture_issue_36.gd:159)
   GDScript backtrace (most recent call first):
       [0] _check_pixels (res://tools/capture_issue_36.gd:159)
       [1] _capture_pair (res://tools/capture_issue_36.gd:139)
SCRIPT ERROR: Cannot call method 'get_image' on a null value.
   at: _check_pixels (res://tools/capture_issue_36.gd:159)
   GDScript backtrace (most recent call first):
       [0] _check_pixels (res://tools/capture_issue_36.gd:159)
       [1] _capture_pair (res://tools/capture_issue_36.gd:139)
SCRIPT ERROR: Cannot call method 'get_image' on a null value.
   at: _check_pixels (res://tools/capture_issue_36.gd:159)
   GDScript backtrace (most recent call first):
       [0] _check_pixels (res://tools/capture_issue_36.gd:159)
       [1] _capture_pair (res://tools/capture_issue_36.gd:139)
SCRIPT ERROR: Cannot call method 'get_image' on a null value.
   at: _check_pixels (res://tools/capture_issue_36.gd:159)
   GDScript backtrace (most recent call first):
       [0] _check_pixels (res://tools/capture_issue_36.gd:159)
       [1] _capture_pair (res://tools/capture_issue_36.gd:139)
SCRIPT ERROR: Cannot call method 'get_image' on a null value.
   at: _check_pixels (res://tools/capture_issue_36.gd:159)
   GDScript backtrace (most recent call first):
       [0] _check_pixels (res://tools/capture_issue_36.gd:159)
       [1] _capture_pair (res://tools/capture_issue_36.gd:139)
SCRIPT ERROR: Cannot call method 'get_image' on a null value.
   at: _check_pixels (res://tools/capture_issue_36.gd:159)
   GDScript backtrace (most recent call first):
       [0] _check_pixels (res://tools/capture_issue_36.gd:159)
       [1] _capture_pair (res://tools/capture_issue_36.gd:139)
SCRIPT ERROR: Cannot call method 'get_image' on a null value.
   at: _check_pixels (res://tools/capture_issue_36.gd:159)
   GDScript backtrace (most recent call first):
       [0] _check_pixels (res://tools/capture_issue_36.gd:159)
       [1] _capture_pair (res://tools/capture_issue_36.gd:139)
SCRIPT ERROR: Cannot call method 'get_image' on a null value.
   at: _check_pixels (res://tools/capture_issue_36.gd:159)
   GDScript backtrace (most recent call first):
       [0] _check_pixels (res://tools/capture_issue_36.gd:159)
       [1] _capture_pair (res://tools/capture_issue_36.gd:139)
SCRIPT ERROR: Cannot call method 'get_image' on a null value.
   at: _check_pixels (res://tools/capture_issue_36.gd:159)
   GDScript backtrace (most recent call first):
       [0] _check_pixels (res://tools/capture_issue_36.gd:159)
       [1] _capture_pair (res://tools/capture_issue_36.gd:139)
SCRIPT ERROR: Cannot call method 'get_image' on a null value.
   at: _check_pixels (res://tools/capture_issue_36.gd:159)
   GDScript backtrace (most recent call first):
       [0] _check_pixels (res://tools/capture_issue_36.gd:159)
       [1] _capture_pair (res://tools/capture_issue_36.gd:139)
SCRIPT ERROR: Cannot call method 'get_image' on a null value.
   at: _check_pixels (res://tools/capture_issue_36.gd:159)
   GDScript backtrace (most recent call first):
       [0] _check_pixels (res://tools/capture_issue_36.gd:159)
       [1] _capture_pair (res://tools/capture_issue_36.gd:139)
SCRIPT ERROR: Cannot call method 'get_image' on a null value.
   at: _check_pixels (res://tools/capture_issue_36.gd:159)
   GDScript backtrace (most recent call first):
       [0] _check_pixels (res://tools/capture_issue_36.gd:159)
       [1] _capture_pair (res://tools/capture_issue_36.gd:139)
SCRIPT ERROR: Cannot call method 'get_image' on a null value.
   at: _check_pixels (res://tools/capture_issue_36.gd:159)
   GDScript backtrace (most recent call first):
       [0] _check_pixels (res://tools/capture_issue_36.gd:159)
       [1] _capture_pair (res://tools/capture_issue_36.gd:139)
SCRIPT ERROR: Cannot call method 'get_image' on a null value.
   at: _check_pixels (res://tools/capture_issue_36.gd:159)
   GDScript backtrace (most recent call first):
       [0] _check_pixels (res://tools/capture_issue_36.gd:159)
       [1] _capture_pair (res://tools/capture_issue_36.gd:139)
SCRIPT ERROR: Cannot call method 'get_image' on a null value.
   at: _check_pixels (res://tools/capture_issue_36.gd:159)
   GDScript backtrace (most recent call first):
       [0] _check_pixels (res://tools/capture_issue_36.gd:159)
       [1] _capture_pair (res://tools/capture_issue_36.gd:139)
SCRIPT ERROR: Cannot call method 'get_image' on a null value.
   at: _check_pixels (res://tools/capture_issue_36.gd:159)
   GDScript backtrace (most recent call first):
       [0] _check_pixels (res://tools/capture_issue_36.gd:159)
       [1] _capture_pair (res://tools/capture_issue_36.gd:139)
SCRIPT ERROR: Cannot call method 'get_image' on a null value.
   at: _check_pixels (res://tools/capture_issue_36.gd:159)
   GDScript backtrace (most recent call first):
       [0] _check_pixels (res://tools/capture_issue_36.gd:159)
       [1] _capture_pair (res://tools/capture_issue_36.gd:139)
SCRIPT ERROR: Cannot call method 'get_image' on a null value.
   at: _check_pixels (res://tools/capture_issue_36.gd:159)
   GDScript backtrace (most recent call first):
       [0] _check_pixels (res://tools/capture_issue_36.gd:159)
       [1] _capture_pair (res://tools/capture_issue_36.gd:139)
SCRIPT ERROR: Cannot call method 'get_image' on a null value.
   at: _check_pixels (res://tools/capture_issue_36.gd:159)
   GDScript backtrace (most recent call first):
       [0] _check_pixels (res://tools/capture_issue_36.gd:159)
       [1] _capture_pair (res://tools/capture_issue_36.gd:139)
SCRIPT ERROR: Cannot call method 'get_image' on a null value.
   at: _check_pixels (res://tools/capture_issue_36.gd:159)
   GDScript backtrace (most recent call first):
       [0] _check_pixels (res://tools/capture_issue_36.gd:159)
       [1] _capture_pair (res://tools/capture_issue_36.gd:139)
SCRIPT ERROR: Cannot call method 'get_image' on a null value.
   at: _check_pixels (res://tools/capture_issue_36.gd:159)
   GDScript backtrace (most recent call first):
       [0] _check_pixels (res://tools/capture_issue_36.gd:159)
       [1] _capture_pair (res://tools/capture_issue_36.gd:139)
SCRIPT ERROR: Cannot call method 'get_image' on a null value.
   at: _check_pixels (res://tools/capture_issue_36.gd:159)
   GDScript backtrace (most recent call first):
       [0] _check_pixels (res://tools/capture_issue_36.gd:159)
       [1] _capture_pair (res://tools/capture_issue_36.gd:139)
SCRIPT ERROR: Cannot call method 'get_image' on a null value.
   at: _check_pixels (res://tools/capture_issue_36.gd:159)
   GDScript backtrace (most recent call first):
       [0] _check_pixels (res://tools/capture_issue_36.gd:159)
       [1] _capture_pair (res://tools/capture_issue_36.gd:139)
SCRIPT ERROR: Cannot call method 'get_image' on a null value.
   at: _check_pixels (res://tools/capture_issue_36.gd:159)
   GDScript backtrace (most recent call first):
       [0] _check_pixels (res://tools/capture_issue_36.gd:159)
       [1] _capture_pair (res://tools/capture_issue_36.gd:139)
SCRIPT ERROR: Cannot call method 'get_image' on a null value.
   at: _check_pixels (res://tools/capture_issue_36.gd:159)
   GDScript backtrace (most recent call first):
       [0] _check_pixels (res://tools/capture_issue_36.gd:159)
       [1] _capture_pair (res://tools/capture_issue_36.gd:139)
SCRIPT ERROR: Cannot call method 'get_image' on a null value.
   at: _check_pixels (res://tools/capture_issue_36.gd:159)
   GDScript backtrace (most recent call first):
       [0] _check_pixels (res://tools/capture_issue_36.gd:159)
       [1] _capture_pair (res://tools/capture_issue_36.gd:139)
SCRIPT ERROR: Cannot call method 'get_image' on a null value.
   at: _check_pixels (res://tools/capture_issue_36.gd:159)
   GDScript backtrace (most recent call first):
       [0] _check_pixels (res://tools/capture_issue_36.gd:159)
       [1] _capture_pair (res://tools/capture_issue_36.gd:139)
SCRIPT ERROR: Cannot call method 'get_image' on a null value.
   at: _check_pixels (res://tools/capture_issue_36.gd:159)
   GDScript backtrace (most recent call first):
       [0] _check_pixels (res://tools/capture_issue_36.gd:159)
       [1] _capture_pair (res://tools/capture_issue_36.gd:139)
SCRIPT ERROR: Cannot call method 'get_image' on a null value.
   at: _check_pixels (res://tools/capture_issue_36.gd:159)
   GDScript backtrace (most recent call first):
       [0] _check_pixels (res://tools/capture_issue_36.gd:159)
       [1] _capture_pair (res://tools/capture_issue_36.gd:139)
SCRIPT ERROR: Cannot call method 'get_image' on a null value.
   at: _check_pixels (res://tools/capture_issue_36.gd:159)
   GDScript backtrace (most recent call first):
       [0] _check_pixels (res://tools/capture_issue_36.gd:159)
       [1] _capture_pair (res://tools/capture_issue_36.gd:139)
SCRIPT ERROR: Cannot call method 'get_image' on a null value.
   at: _check_pixels (res://tools/capture_issue_36.gd:159)
   GDScript backtrace (most recent call first):
       [0] _check_pixels (res://tools/capture_issue_36.gd:159)
       [1] _capture_pair (res://tools/capture_issue_36.gd:139)
SCRIPT ERROR: Cannot call method 'get_image' on a null value.
   at: _check_pixels (res://tools/capture_issue_36.gd:159)
   GDScript backtrace (most recent call first):
       [0] _check_pixels (res://tools/capture_issue_36.gd:159)
       [1] _capture_pair (res://tools/capture_issue_36.gd:139)
SCRIPT ERROR: Cannot call method 'get_image' on a null value.
   at: _check_pixels (res://tools/capture_issue_36.gd:159)
   GDScript backtrace (most recent call first):
       [0] _check_pixels (res://tools/capture_issue_36.gd:159)
       [1] _capture_pair (res://tools/capture_issue_36.gd:139)
SCRIPT ERROR: Cannot call method 'get_image' on a null value.
   at: _check_pixels (res://tools/capture_issue_36.gd:159)
   GDScript backtrace (most recent call first):
       [0] _check_pixels (res://tools/capture_issue_36.gd:159)
       [1] _capture_pair (res://tools/capture_issue_36.gd:139)
SCRIPT ERROR: Cannot call method 'get_image' on a null value.
   at: _check_pixels (res://tools/capture_issue_36.gd:159)
   GDScript backtrace (most recent call first):
       [0] _check_pixels (res://tools/capture_issue_36.gd:159)
       [1] _capture_pair (res://tools/capture_issue_36.gd:139)
SCRIPT ERROR: Cannot call method 'get_image' on a null value.
   at: _check_pixels (res://tools/capture_issue_36.gd:159)
   GDScript backtrace (most recent call first):
       [0] _check_pixels (res://tools/capture_issue_36.gd:159)
       [1] _capture_pair (res://tools/capture_issue_36.gd:139)
SCRIPT ERROR: Cannot call method 'get_image' on a null value.
   at: _check_pixels (res://tools/capture_issue_36.gd:159)
   GDScript backtrace (most recent call first):
       [0] _check_pixels (res://tools/capture_issue_36.gd:159)
       [1] _capture_pair (res://tools/capture_issue_36.gd:139)
SCRIPT ERROR: Cannot call method 'get_image' on a null value.
   at: _check_pixels (res://tools/capture_issue_36.gd:159)
   GDScript backtrace (most recent call first):
       [0] _check_pixels (res://tools/capture_issue_36.gd:159)
       [1] _capture_pair (res://tools/capture_issue_36.gd:139)
SCRIPT ERROR: Cannot call method 'get_image' on a null value.
   at: _check_pixels (res://tools/capture_issue_36.gd:159)
   GDScript backtrace (most recent call first):
       [0] _check_pixels (res://tools/capture_issue_36.gd:159)
       [1] _capture_pair (res://tools/capture_issue_36.gd:139)
SCRIPT ERROR: Cannot call method 'get_image' on a null value.
   at: _check_pixels (res://tools/capture_issue_36.gd:159)
   GDScript backtrace (most recent call first):
       [0] _check_pixels (res://tools/capture_issue_36.gd:159)
       [1] _capture_pair (res://tools/capture_issue_36.gd:139)
SCRIPT ERROR: Cannot call method 'get_image' on a null value.
   at: _check_pixels (res://tools/capture_issue_36.gd:159)
   GDScript backtrace (most recent call first):
       [0] _check_pixels (res://tools/capture_issue_36.gd:159)
       [1] _capture_pair (res://tools/capture_issue_36.gd:139)
SCRIPT ERROR: Cannot call method 'get_image' on a null value.
   at: _check_pixels (res://tools/capture_issue_36.gd:159)
   GDScript backtrace (most recent call first):
       [0] _check_pixels (res://tools/capture_issue_36.gd:159)
       [1] _capture_pair (res://tools/capture_issue_36.gd:139)
SCRIPT ERROR: Cannot call method 'get_image' on a null value.
   at: _check_pixels (res://tools/capture_issue_36.gd:159)
   GDScript backtrace (most recent call first):
       [0] _check_pixels (res://tools/capture_issue_36.gd:159)
       [1] _capture_pair (res://tools/capture_issue_36.gd:139)
SCRIPT ERROR: Cannot call method 'get_image' on a null value.
   at: _check_pixels (res://tools/capture_issue_36.gd:159)
   GDScript backtrace (most recent call first):
       [0] _check_pixels (res://tools/capture_issue_36.gd:159)
       [1] _capture_pair (res://tools/capture_issue_36.gd:139)
SCRIPT ERROR: Cannot call method 'get_image' on a null value.
   at: _check_pixels (res://tools/capture_issue_36.gd:159)
   GDScript backtrace (most recent call first):
       [0] _check_pixels (res://tools/capture_issue_36.gd:159)
       [1] _capture_pair (res://tools/capture_issue_36.gd:139)
SCRIPT ERROR: Cannot call method 'get_image' on a null value.
   at: _check_pixels (res://tools/capture_issue_36.gd:159)
   GDScript backtrace (most recent call first):
       [0] _check_pixels (res://tools/capture_issue_36.gd:159)
       [1] _capture_pair (res://tools/capture_issue_36.gd:139)
SCRIPT ERROR: Cannot call method 'get_image' on a null value.
   at: _check_pixels (res://tools/capture_issue_36.gd:159)
   GDScript backtrace (most recent call first):
       [0] _check_pixels (res://tools/capture_issue_36.gd:159)
       [1] _capture_pair (res://tools/capture_issue_36.gd:139)
SCRIPT ERROR: Cannot call method 'get_image' on a null value.
   at: _check_pixels (res://tools/capture_issue_36.gd:159)
   GDScript backtrace (most recent call first):
       [0] _check_pixels (res://tools/capture_issue_36.gd:159)
       [1] _capture_pair (res://tools/capture_issue_36.gd:139)
SCRIPT ERROR: Cannot call method 'get_image' on a null value.
   at: _check_pixels (res://tools/capture_issue_36.gd:159)
   GDScript backtrace (most recent call first):
       [0] _check_pixels (res://tools/capture_issue_36.gd:159)
       [1] _capture_pair (res://tools/capture_issue_36.gd:139)
SCRIPT ERROR: Cannot call method 'get_image' on a null value.
   at: _check_pixels (res://tools/capture_issue_36.gd:159)
   GDScript backtrace (most recent call first):
       [0] _check_pixels (res://tools/capture_issue_36.gd:159)
       [1] _capture_pair (res://tools/capture_issue_36.gd:139)
SCRIPT ERROR: Cannot call method 'get_image' on a null value.
   at: _check_pixels (res://tools/capture_issue_36.gd:159)
   GDScript backtrace (most recent call first):
       [0] _check_pixels (res://tools/capture_issue_36.gd:159)
       [1] _capture_pair (res://tools/capture_issue_36.gd:139)
SCRIPT ERROR: Cannot call method 'get_image' on a null value.
   at: _check_pixels (res://tools/capture_issue_36.gd:159)
   GDScript backtrace (most recent call first):
       [0] _check_pixels (res://tools/capture_issue_36.gd:159)
       [1] _capture_pair (res://tools/capture_issue_36.gd:139)
SCRIPT ERROR: Cannot call method 'get_image' on a null value.
   at: _check_pixels (res://tools/capture_issue_36.gd:159)
   GDScript backtrace (most recent call first):
       [0] _check_pixels (res://tools/capture_issue_36.gd:159)
       [1] _capture_pair (res://tools/capture_issue_36.gd:139)
SCRIPT ERROR: Cannot call method 'get_image' on a null value.
   at: _check_pixels (res://tools/capture_issue_36.gd:159)
   GDScript backtrace (most recent call first):
       [0] _check_pixels (res://tools/capture_issue_36.gd:159)
       [1] _capture_pair (res://tools/capture_issue_36.gd:139)
SCRIPT ERROR: Cannot call method 'get_image' on a null value.
   at: _check_pixels (res://tools/capture_issue_36.gd:159)
   GDScript backtrace (most recent call first):
       [0] _check_pixels (res://tools/capture_issue_36.gd:159)
       [1] _capture_pair (res://tools/capture_issue_36.gd:139)
SCRIPT ERROR: Cannot call method 'get_image' on a null value.
   at: _check_pixels (res://tools/capture_issue_36.gd:159)
   GDScript backtrace (most recent call first):
       [0] _check_pixels (res://tools/capture_issue_36.gd:159)
       [1] _capture_pair (res://tools/capture_issue_36.gd:139)
SCRIPT ERROR: Cannot call method 'get_image' on a null value.
   at: _check_pixels (res://tools/capture_issue_36.gd:159)
   GDScript backtrace (most recent call first):
       [0] _check_pixels (res://tools/capture_issue_36.gd:159)
       [1] _capture_pair (res://tools/capture_issue_36.gd:139)
SCRIPT ERROR: Cannot call method 'get_image' on a null value.
   at: _check_pixels (res://tools/capture_issue_36.gd:159)
   GDScript backtrace (most recent call first):
       [0] _check_pixels (res://tools/capture_issue_36.gd:159)
       [1] _capture_pair (res://tools/capture_issue_36.gd:139)
SCRIPT ERROR: Cannot call method 'get_image' on a null value.
   at: _check_pixels (res://tools/capture_issue_36.gd:159)
   GDScript backtrace (most recent call first):
       [0] _check_pixels (res://tools/capture_issue_36.gd:159)
       [1] _capture_pair (res://tools/capture_issue_36.gd:139)
SCRIPT ERROR: Cannot call method 'get_image' on a null value.
   at: _check_pixels (res://tools/capture_issue_36.gd:159)
   GDScript backtrace (most recent call first):
       [0] _check_pixels (res://tools/capture_issue_36.gd:159)
       [1] _capture_pair (res://tools/capture_issue_36.gd:139)
SCRIPT ERROR: Cannot call method 'get_image' on a null value.
   at: _check_pixels (res://tools/capture_issue_36.gd:159)
   GDScript backtrace (most recent call first):
       [0] _check_pixels (res://tools/capture_issue_36.gd:159)
       [1] _capture_pair (res://tools/capture_issue_36.gd:139)
SCRIPT ERROR: Cannot call method 'get_image' on a null value.
   at: _check_pixels (res://tools/capture_issue_36.gd:159)
   GDScript backtrace (most recent call first):
       [0] _check_pixels (res://tools/capture_issue_36.gd:159)
       [1] _capture_pair (res://tools/capture_issue_36.gd:139)
SCRIPT ERROR: Cannot call method 'get_image' on a null value.
   at: _check_pixels (res://tools/capture_issue_36.gd:159)
   GDScript backtrace (most recent call first):
       [0] _check_pixels (res://tools/capture_issue_36.gd:159)
       [1] _capture_pair (res://tools/capture_issue_36.gd:139)
SCRIPT ERROR: Cannot call method 'get_image' on a null value.
   at: _check_pixels (res://tools/capture_issue_36.gd:159)
   GDScript backtrace (most recent call first):
       [0] _check_pixels (res://tools/capture_issue_36.gd:159)
       [1] _capture_pair (res://tools/capture_issue_36.gd:139)
SCRIPT ERROR: Cannot call method 'get_image' on a null value.
   at: _check_pixels (res://tools/capture_issue_36.gd:159)
   GDScript backtrace (most recent call first):
       [0] _check_pixels (res://tools/capture_issue_36.gd:159)
       [1] _capture_pair (res://tools/capture_issue_36.gd:139)
SCRIPT ERROR: Cannot call method 'get_image' on a null value.
   at: _check_pixels (res://tools/capture_issue_36.gd:159)
   GDScript backtrace (most recent call first):
       [0] _check_pixels (res://tools/capture_issue_36.gd:159)
       [1] _capture_pair (res://tools/capture_issue_36.gd:139)
SCRIPT ERROR: Cannot call method 'get_image' on a null value.
   at: _check_pixels (res://tools/capture_issue_36.gd:159)
   GDScript backtrace (most recent call first):
       [0] _check_pixels (res://tools/capture_issue_36.gd:159)
       [1] _capture_pair (res://tools/capture_issue_36.gd:139)
SCRIPT ERROR: Cannot call method 'get_image' on a null value.
   at: _check_pixels (res://tools/capture_issue_36.gd:159)
   GDScript backtrace (most recent call first):
       [0] _check_pixels (res://tools/capture_issue_36.gd:159)
       [1] _capture_pair (res://tools/capture_issue_36.gd:139)
SCRIPT ERROR: Cannot call method 'get_image' on a null value.
   at: _check_pixels (res://tools/capture_issue_36.gd:159)
   GDScript backtrace (most recent call first):
       [0] _check_pixels (res://tools/capture_issue_36.gd:159)
       [1] _capture_pair (res://tools/capture_issue_36.gd:139)
SCRIPT ERROR: Cannot call method 'get_image' on a null value.
   at: _check_pixels (res://tools/capture_issue_36.gd:159)
   GDScript backtrace (most recent call first):
       [0] _check_pixels (res://tools/capture_issue_36.gd:159)
       [1] _capture_pair (res://tools/capture_issue_36.gd:139)
SCRIPT ERROR: Cannot call method 'get_image' on a null value.
   at: _check_pixels (res://tools/capture_issue_36.gd:159)
   GDScript backtrace (most recent call first):
       [0] _check_pixels (res://tools/capture_issue_36.gd:159)
       [1] _capture_pair (res://tools/capture_issue_36.gd:139)
SCRIPT ERROR: Cannot call method 'get_image' on a null value.
   at: _check_pixels (res://tools/capture_issue_36.gd:159)
   GDScript backtrace (most recent call first):
       [0] _check_pixels (res://tools/capture_issue_36.gd:159)
       [1] _capture_pair (res://tools/capture_issue_36.gd:139)
SCRIPT ERROR: Cannot call method 'get_image' on a null value.
   at: _check_pixels (res://tools/capture_issue_36.gd:159)
   GDScript backtrace (most recent call first):
       [0] _check_pixels (res://tools/capture_issue_36.gd:159)
       [1] _capture_pair (res://tools/capture_issue_36.gd:139)
SCRIPT ERROR: Cannot call method 'get_image' on a null value.
   at: _check_pixels (res://tools/capture_issue_36.gd:159)
   GDScript backtrace (most recent call first):
       [0] _check_pixels (res://tools/capture_issue_36.gd:159)
       [1] _capture_pair (res://tools/capture_issue_36.gd:139)
SCRIPT ERROR: Cannot call method 'get_image' on a null value.
   at: _check_pixels (res://tools/capture_issue_36.gd:159)
   GDScript backtrace (most recent call first):
       [0] _check_pixels (res://tools/capture_issue_36.gd:159)
       [1] _capture_pair (res://tools/capture_issue_36.gd:139)
SCRIPT ERROR: Cannot call method 'get_image' on a null value.
   at: _check_pixels (res://tools/capture_issue_36.gd:159)
   GDScript backtrace (most recent call first):
       [0] _check_pixels (res://tools/capture_issue_36.gd:159)
       [1] _capture_pair (res://tools/capture_issue_36.gd:139)
SCRIPT ERROR: Cannot call method 'get_image' on a null value.
   at: _check_pixels (res://tools/capture_issue_36.gd:159)
   GDScript backtrace (most recent call first):
       [0] _check_pixels (res://tools/capture_issue_36.gd:159)
       [1] _capture_pair (res://tools/capture_issue_36.gd:139)
SCRIPT ERROR: Cannot call method 'get_image' on a null value.
   at: _check_pixels (res://tools/capture_issue_36.gd:159)
   GDScript backtrace (most recent call first):
       [0] _check_pixels (res://tools/capture_issue_36.gd:159)
       [1] _capture_pair (res://tools/capture_issue_36.gd:139)
SCRIPT ERROR: Cannot call method 'get_image' on a null value.
   at: _check_pixels (res://tools/capture_issue_36.gd:159)
   GDScript backtrace (most recent call first):
       [0] _check_pixels (res://tools/capture_issue_36.gd:159)
       [1] _capture_pair (res://tools/capture_issue_36.gd:139)
SCRIPT ERROR: Cannot call method 'get_image' on a null value.
   at: _check_pixels (res://tools/capture_issue_36.gd:159)
   GDScript backtrace (most recent call first):
       [0] _check_pixels (res://tools/capture_issue_36.gd:159)
       [1] _capture_pair (res://tools/capture_issue_36.gd:139)
SCRIPT ERROR: Cannot call method 'get_image' on a null value.
   at: _check_pixels (res://tools/capture_issue_36.gd:159)
   GDScript backtrace (most recent call first):
       [0] _check_pixels (res://tools/capture_issue_36.gd:159)
       [1] _capture_pair (res://tools/capture_issue_36.gd:139)
SCRIPT ERROR: Cannot call method 'get_image' on a null value.
   at: _check_pixels (res://tools/capture_issue_36.gd:159)
   GDScript backtrace (most recent call first):
       [0] _check_pixels (res://tools/capture_issue_36.gd:159)
       [1] _capture_pair (res://tools/capture_issue_36.gd:139)
SCRIPT ERROR: Cannot call method 'get_image' on a null value.
   at: _check_pixels (res://tools/capture_issue_36.gd:159)
   GDScript backtrace (most recent call first):
       [0] _check_pixels (res://tools/capture_issue_36.gd:159)
       [1] _capture_pair (res://tools/capture_issue_36.gd:139)
SCRIPT ERROR: Cannot call method 'get_image' on a null value.
   at: _check_pixels (res://tools/capture_issue_36.gd:159)
   GDScript backtrace (most recent call first):
       [0] _check_pixels (res://tools/capture_issue_36.gd:159)
       [1] _capture_pair (res://tools/capture_issue_36.gd:139)
SCRIPT ERROR: Cannot call method 'get_image' on a null value.
   at: _check_pixels (res://tools/capture_issue_36.gd:159)
   GDScript backtrace (most recent call first):
       [0] _check_pixels (res://tools/capture_issue_36.gd:159)
       [1] _capture_pair (res://tools/capture_issue_36.gd:139)
SCRIPT ERROR: Cannot call method 'get_image' on a null value.
   at: _check_pixels (res://tools/capture_issue_36.gd:159)
   GDScript backtrace (most recent call first):
       [0] _check_pixels (res://tools/capture_issue_36.gd:159)
       [1] _capture_pair (res://tools/capture_issue_36.gd:139)
SCRIPT ERROR: Cannot call method 'get_image' on a null value.
   at: _check_pixels (res://tools/capture_issue_36.gd:159)
   GDScript backtrace (most recent call first):
       [0] _check_pixels (res://tools/capture_issue_36.gd:159)
       [1] _capture_pair (res://tools/capture_issue_36.gd:139)
SCRIPT ERROR: Cannot call method 'get_image' on a null value.
   at: _check_pixels (res://tools/capture_issue_36.gd:159)
   GDScript backtrace (most recent call first):
       [0] _check_pixels (res://tools/capture_issue_36.gd:159)
       [1] _capture_pair (res://tools/capture_issue_36.gd:139)
SCRIPT ERROR: Cannot call method 'get_image' on a null value.
   at: _check_pixels (res://tools/capture_issue_36.gd:159)
   GDScript backtrace (most recent call first):
       [0] _check_pixels (res://tools/capture_issue_36.gd:159)
       [1] _capture_pair (res://tools/capture_issue_36.gd:139)
SCRIPT ERROR: Cannot call method 'get_image' on a null value.
   at: _check_pixels (res://tools/capture_issue_36.gd:159)
   GDScript backtrace (most recent call first):
       [0] _check_pixels (res://tools/capture_issue_36.gd:159)
       [1] _capture_pair (res://tools/capture_issue_36.gd:139)
SCRIPT ERROR: Cannot call method 'get_image' on a null value.
   at: _check_pixels (res://tools/capture_issue_36.gd:159)
   GDScript backtrace (most recent call first):
       [0] _check_pixels (res://tools/capture_issue_36.gd:159)
       [1] _capture_pair (res://tools/capture_issue_36.gd:139)
SCRIPT ERROR: Cannot call method 'get_image' on a null value.
   at: _check_pixels (res://tools/capture_issue_36.gd:159)
   GDScript backtrace (most recent call first):
       [0] _check_pixels (res://tools/capture_issue_36.gd:159)
       [1] _capture_pair (res://tools/capture_issue_36.gd:139)
SCRIPT ERROR: Cannot call method 'get_image' on a null value.
   at: _check_pixels (res://tools/capture_issue_36.gd:159)
   GDScript backtrace (most recent call first):
       [0] _check_pixels (res://tools/capture_issue_36.gd:159)
       [1] _capture_pair (res://tools/capture_issue_36.gd:139)
SCRIPT ERROR: Cannot call method 'get_image' on a null value.
   at: _check_pixels (res://tools/capture_issue_36.gd:159)
   GDScript backtrace (most recent call first):
       [0] _check_pixels (res://tools/capture_issue_36.gd:159)
       [1] _capture_pair (res://tools/capture_issue_36.gd:139)
SCRIPT ERROR: Cannot call method 'get_image' on a null value.
   at: _check_pixels (res://tools/capture_issue_36.gd:159)
   GDScript backtrace (most recent call first):
       [0] _check_pixels (res://tools/capture_issue_36.gd:159)
       [1] _capture_pair (res://tools/capture_issue_36.gd:139)
SCRIPT ERROR: Cannot call method 'get_image' on a null value.
   at: _check_pixels (res://tools/capture_issue_36.gd:159)
   GDScript backtrace (most recent call first):
       [0] _check_pixels (res://tools/capture_issue_36.gd:159)
       [1] _capture_pair (res://tools/capture_issue_36.gd:139)
SCRIPT ERROR: Cannot call method 'get_image' on a null value.
   at: _check_pixels (res://tools/capture_issue_36.gd:159)
   GDScript backtrace (most recent call first):
       [0] _check_pixels (res://tools/capture_issue_36.gd:159)
       [1] _capture_pair (res://tools/capture_issue_36.gd:139)
SCRIPT ERROR: Cannot call method 'get_image' on a null value.
   at: _check_pixels (res://tools/capture_issue_36.gd:159)
   GDScript backtrace (most recent call first):
       [0] _check_pixels (res://tools/capture_issue_36.gd:159)
       [1] _capture_pair (res://tools/capture_issue_36.gd:139)
SCRIPT ERROR: Cannot call method 'get_image' on a null value.
   at: _check_pixels (res://tools/capture_issue_36.gd:159)
   GDScript backtrace (most recent call first):
       [0] _check_pixels (res://tools/capture_issue_36.gd:159)
       [1] _capture_pair (res://tools/capture_issue_36.gd:139)
SCRIPT ERROR: Cannot call method 'get_image' on a null value.
   at: _check_pixels (res://tools/capture_issue_36.gd:159)
   GDScript backtrace (most recent call first):
       [0] _check_pixels (res://tools/capture_issue_36.gd:159)
       [1] _capture_pair (res://tools/capture_issue_36.gd:139)
SCRIPT ERROR: Cannot call method 'get_image' on a null value.
   at: _check_pixels (res://tools/capture_issue_36.gd:159)
   GDScript backtrace (most recent call first):
       [0] _check_pixels (res://tools/capture_issue_36.gd:159)
       [1] _capture_pair (res://tools/capture_issue_36.gd:139)
SCRIPT ERROR: Cannot call method 'get_image' on a null value.
   at: _check_pixels (res://tools/capture_issue_36.gd:159)
   GDScript backtrace (most recent call first):
       [0] _check_pixels (res://tools/capture_issue_36.gd:159)
       [1] _capture_pair (res://tools/capture_issue_36.gd:139)
SCRIPT ERROR: Cannot call method 'get_image' on a null value.
   at: _check_pixels (res://tools/capture_issue_36.gd:159)
   GDScript backtrace (most recent call first):
       [0] _check_pixels (res://tools/capture_issue_36.gd:159)
       [1] _capture_pair (res://tools/capture_issue_36.gd:139)
SCRIPT ERROR: Cannot call method 'get_image' on a null value.
   at: _check_pixels (res://tools/capture_issue_36.gd:159)
   GDScript backtrace (most recent call first):
       [0] _check_pixels (res://tools/capture_issue_36.gd:159)
       [1] _capture_pair (res://tools/capture_issue_36.gd:139)
SCRIPT ERROR: Cannot call method 'get_image' on a null value.
   at: _check_pixels (res://tools/capture_issue_36.gd:159)
   GDScript backtrace (most recent call first):
       [0] _check_pixels (res://tools/capture_issue_36.gd:159)
       [1] _capture_pair (res://tools/capture_issue_36.gd:139)
SCRIPT ERROR: Cannot call method 'get_image' on a null value.
   at: _check_pixels (res://tools/capture_issue_36.gd:159)
   GDScript backtrace (most recent call first):
       [0] _check_pixels (res://tools/capture_issue_36.gd:159)
       [1] _capture_pair (res://tools/capture_issue_36.gd:139)
SCRIPT ERROR: Cannot call method 'get_image' on a null value.
   at: _check_pixels (res://tools/capture_issue_36.gd:159)
   GDScript backtrace (most recent call first):
       [0] _check_pixels (res://tools/capture_issue_36.gd:159)
       [1] _capture_pair (res://tools/capture_issue_36.gd:139)
SCRIPT ERROR: Cannot call method 'get_image' on a null value.
   at: _check_pixels (res://tools/capture_issue_36.gd:159)
   GDScript backtrace (most recent call first):
       [0] _check_pixels (res://tools/capture_issue_36.gd:159)
       [1] _capture_pair (res://tools/capture_issue_36.gd:139)
SCRIPT ERROR: Cannot call method 'get_image' on a null value.
   at: _check_pixels (res://tools/capture_issue_36.gd:159)
   GDScript backtrace (most recent call first):
       [0] _check_pixels (res://tools/capture_issue_36.gd:159)
       [1] _capture_pair (res://tools/capture_issue_36.gd:139)
SCRIPT ERROR: Cannot call method 'get_image' on a null value.
   at: _check_pixels (res://tools/capture_issue_36.gd:159)
   GDScript backtrace (most recent call first):
       [0] _check_pixels (res://tools/capture_issue_36.gd:159)
       [1] _capture_pair (res://tools/capture_issue_36.gd:139)
SCRIPT ERROR: Cannot call method 'get_image' on a null value.
   at: _check_pixels (res://tools/capture_issue_36.gd:159)
   GDScript backtrace (most recent call first):
       [0] _check_pixels (res://tools/capture_issue_36.gd:159)
       [1] _capture_pair (res://tools/capture_issue_36.gd:139)
SCRIPT ERROR: Cannot call method 'get_image' on a null value.
   at: _check_pixels (res://tools/capture_issue_36.gd:159)
   GDScript backtrace (most recent call first):
       [0] _check_pixels (res://tools/capture_issue_36.gd:159)
       [1] _capture_pair (res://tools/capture_issue_36.gd:139)
SCRIPT ERROR: Cannot call method 'get_image' on a null value.
   at: _check_pixels (res://tools/capture_issue_36.gd:159)
   GDScript backtrace (most recent call first):
       [0] _check_pixels (res://tools/capture_issue_36.gd:159)
       [1] _capture_pair (res://tools/capture_issue_36.gd:139)
SCRIPT ERROR: Cannot call method 'get_image' on a null value.
   at: _check_pixels (res://tools/capture_issue_36.gd:159)
   GDScript backtrace (most recent call first):
       [0] _check_pixels (res://tools/capture_issue_36.gd:159)
       [1] _capture_pair (res://tools/capture_issue_36.gd:139)
SCRIPT ERROR: Cannot call method 'get_image' on a null value.
   at: _check_pixels (res://tools/capture_issue_36.gd:159)
   GDScript backtrace (most recent call first):
       [0] _check_pixels (res://tools/capture_issue_36.gd:159)
       [1] _capture_pair (res://tools/capture_issue_36.gd:139)
SCRIPT ERROR: Cannot call method 'get_image' on a null value.
   at: _check_pixels (res://tools/capture_issue_36.gd:159)
   GDScript backtrace (most recent call first):
       [0] _check_pixels (res://tools/capture_issue_36.gd:159)
       [1] _capture_pair (res://tools/capture_issue_36.gd:139)
SCRIPT ERROR: Cannot call method 'get_image' on a null value.
   at: _check_pixels (res://tools/capture_issue_36.gd:159)
   GDScript backtrace (most recent call first):
       [0] _check_pixels (res://tools/capture_issue_36.gd:159)
       [1] _capture_pair (res://tools/capture_issue_36.gd:139)
SCRIPT ERROR: Cannot call method 'get_image' on a null value.
   at: _check_pixels (res://tools/capture_issue_36.gd:159)
   GDScript backtrace (most recent call first):
       [0] _check_pixels (res://tools/capture_issue_36.gd:159)
       [1] _capture_pair (res://tools/capture_issue_36.gd:139)
SCRIPT ERROR: Cannot call method 'get_image' on a null value.
   at: _check_pixels (res://tools/capture_issue_36.gd:159)
   GDScript backtrace (most recent call first):
       [0] _check_pixels (res://tools/capture_issue_36.gd:159)
       [1] _capture_pair (res://tools/capture_issue_36.gd:139)
SCRIPT ERROR: Cannot call method 'get_image' on a null value.
   at: _check_pixels (res://tools/capture_issue_36.gd:159)
   GDScript backtrace (most recent call first):
       [0] _check_pixels (res://tools/capture_issue_36.gd:159)
       [1] _capture_pair (res://tools/capture_issue_36.gd:139)
SCRIPT ERROR: Cannot call method 'get_image' on a null value.
   at: _check_pixels (res://tools/capture_issue_36.gd:159)
   GDScript backtrace (most recent call first):
       [0] _check_pixels (res://tools/capture_issue_36.gd:159)
       [1] _capture_pair (res://tools/capture_issue_36.gd:139)
SCRIPT ERROR: Cannot call method 'get_image' on a null value.
   at: _check_pixels (res://tools/capture_issue_36.gd:159)
   GDScript backtrace (most recent call first):
       [0] _check_pixels (res://tools/capture_issue_36.gd:159)
       [1] _capture_pair (res://tools/capture_issue_36.gd:139)
SCRIPT ERROR: Cannot call method 'get_image' on a null value.
   at: _check_pixels (res://tools/capture_issue_36.gd:159)
   GDScript backtrace (most recent call first):
       [0] _check_pixels (res://tools/capture_issue_36.gd:159)
       [1] _capture_pair (res://tools/capture_issue_36.gd:139)
SCRIPT ERROR: Cannot call method 'get_image' on a null value.
   at: _check_pixels (res://tools/capture_issue_36.gd:159)
   GDScript backtrace (most recent call first):
       [0] _check_pixels (res://tools/capture_issue_36.gd:159)
       [1] _capture_pair (res://tools/capture_issue_36.gd:139)
SCRIPT ERROR: Cannot call method 'get_image' on a null value.
   at: _check_pixels (res://tools/capture_issue_36.gd:159)
   GDScript backtrace (most recent call first):
       [0] _check_pixels (res://tools/capture_issue_36.gd:159)
       [1] _capture_pair (res://tools/capture_issue_36.gd:139)
SCRIPT ERROR: Cannot call method 'get_image' on a null value.
   at: _check_pixels (res://tools/capture_issue_36.gd:159)
   GDScript backtrace (most recent call first):
       [0] _check_pixels (res://tools/capture_issue_36.gd:159)
       [1] _capture_pair (res://tools/capture_issue_36.gd:139)
SCRIPT ERROR: Cannot call method 'get_image' on a null value.
   at: _check_pixels (res://tools/capture_issue_36.gd:159)
   GDScript backtrace (most recent call first):
       [0] _check_pixels (res://tools/capture_issue_36.gd:159)
       [1] _capture_pair (res://tools/capture_issue_36.gd:139)
SCRIPT ERROR: Cannot call method 'get_image' on a null value.
   at: _check_pixels (res://tools/capture_issue_36.gd:159)
   GDScript backtrace (most recent call first):
       [0] _check_pixels (res://tools/capture_issue_36.gd:159)
       [1] _capture_pair (res://tools/capture_issue_36.gd:139)
SCRIPT ERROR: Cannot call method 'get_image' on a null value.
   at: _check_pixels (res://tools/capture_issue_36.gd:159)
   GDScript backtrace (most recent call first):
       [0] _check_pixels (res://tools/capture_issue_36.gd:159)
       [1] _capture_pair (res://tools/capture_issue_36.gd:139)
SCRIPT ERROR: Cannot call method 'get_image' on a null value.
   at: _check_pixels (res://tools/capture_issue_36.gd:159)
   GDScript backtrace (most recent call first):
       [0] _check_pixels (res://tools/capture_issue_36.gd:159)
       [1] _capture_pair (res://tools/capture_issue_36.gd:139)
SCRIPT ERROR: Cannot call method 'get_image' on a null value.
   at: _check_pixels (res://tools/capture_issue_36.gd:159)
   GDScript backtrace (most recent call first):
       [0] _check_pixels (res://tools/capture_issue_36.gd:159)
       [1] _capture_pair (res://tools/capture_issue_36.gd:139)
SCRIPT ERROR: Cannot call method 'get_image' on a null value.
   at: _check_pixels (res://tools/capture_issue_36.gd:159)
   GDScript backtrace (most recent call first):
       [0] _check_pixels (res://tools/capture_issue_36.gd:159)
       [1] _capture_pair (res://tools/capture_issue_36.gd:139)
SCRIPT ERROR: Cannot call method 'get_image' on a null value.
   at: _check_pixels (res://tools/capture_issue_36.gd:159)
   GDScript backtrace (most recent call first):
       [0] _check_pixels (res://tools/capture_issue_36.gd:159)
       [1] _capture_pair (res://tools/capture_issue_36.gd:139)
SCRIPT ERROR: Cannot call method 'get_image' on a null value.
   at: _check_pixels (res://tools/capture_issue_36.gd:159)
   GDScript backtrace (most recent call first):
       [0] _check_pixels (res://tools/capture_issue_36.gd:159)
       [1] _capture_pair (res://tools/capture_issue_36.gd:139)
SCRIPT ERROR: Cannot call method 'get_image' on a null value.
   at: _check_pixels (res://tools/capture_issue_36.gd:159)
   GDScript backtrace (most recent call first):
       [0] _check_pixels (res://tools/capture_issue_36.gd:159)
       [1] _capture_pair (res://tools/capture_issue_36.gd:139)
SCRIPT ERROR: Cannot call method 'get_image' on a null value.
   at: _check_pixels (res://tools/capture_issue_36.gd:159)
   GDScript backtrace (most recent call first):
       [0] _check_pixels (res://tools/capture_issue_36.gd:159)
       [1] _capture_pair (res://tools/capture_issue_36.gd:139)
SCRIPT ERROR: Cannot call method 'get_image' on a null value.
   at: _check_pixels (res://tools/capture_issue_36.gd:159)
   GDScript backtrace (most recent call first):
       [0] _check_pixels (res://tools/capture_issue_36.gd:159)
       [1] _capture_pair (res://tools/capture_issue_36.gd:139)
SCRIPT ERROR: Cannot call method 'get_image' on a null value.
   at: _check_pixels (res://tools/capture_issue_36.gd:159)
   GDScript backtrace (most recent call first):
       [0] _check_pixels (res://tools/capture_issue_36.gd:159)
       [1] _capture_pair (res://tools/capture_issue_36.gd:139)
SCRIPT ERROR: Cannot call method 'get_image' on a null value.
   at: _check_pixels (res://tools/capture_issue_36.gd:159)
   GDScript backtrace (most recent call first):
       [0] _check_pixels (res://tools/capture_issue_36.gd:159)
       [1] _capture_pair (res://tools/capture_issue_36.gd:139)
SCRIPT ERROR: Cannot call method 'get_image' on a null value.
   at: _check_pixels (res://tools/capture_issue_36.gd:159)
   GDScript backtrace (most recent call first):
       [0] _check_pixels (res://tools/capture_issue_36.gd:159)
       [1] _capture_pair (res://tools/capture_issue_36.gd:139)
SCRIPT ERROR: Cannot call method 'get_image' on a null value.
   at: _check_pixels (res://tools/capture_issue_36.gd:159)
   GDScript backtrace (most recent call first):
       [0] _check_pixels (res://tools/capture_issue_36.gd:159)
       [1] _capture_pair (res://tools/capture_issue_36.gd:139)
SCRIPT ERROR: Cannot call method 'get_image' on a null value.
   at: _check_pixels (res://tools/capture_issue_36.gd:159)
   GDScript backtrace (most recent call first):
       [0] _check_pixels (res://tools/capture_issue_36.gd:159)
       [1] _capture_pair (res://tools/capture_issue_36.gd:139)
SCRIPT ERROR: Cannot call method 'get_image' on a null value.
   at: _check_pixels (res://tools/capture_issue_36.gd:159)
   GDScript backtrace (most recent call first):
       [0] _check_pixels (res://tools/capture_issue_36.gd:159)
       [1] _capture_pair (res://tools/capture_issue_36.gd:139)
SCRIPT ERROR: Cannot call method 'get_image' on a null value.
   at: _check_pixels (res://tools/capture_issue_36.gd:159)
   GDScript backtrace (most recent call first):
       [0] _check_pixels (res://tools/capture_issue_36.gd:159)
       [1] _capture_pair (res://tools/capture_issue_36.gd:139)
SCRIPT ERROR: Cannot call method 'get_image' on a null value.
   at: _check_pixels (res://tools/capture_issue_36.gd:159)
   GDScript backtrace (most recent call first):
       [0] _check_pixels (res://tools/capture_issue_36.gd:159)
       [1] _capture_pair (res://tools/capture_issue_36.gd:139)
SCRIPT ERROR: Cannot call method 'get_image' on a null value.
   at: _check_pixels (res://tools/capture_issue_36.gd:159)
   GDScript backtrace (most recent call first):
       [0] _check_pixels (res://tools/capture_issue_36.gd:159)
       [1] _capture_pair (res://tools/capture_issue_36.gd:139)
SCRIPT ERROR: Cannot call method 'get_image' on a null value.
   at: _check_pixels (res://tools/capture_issue_36.gd:159)
   GDScript backtrace (most recent call first):
       [0] _check_pixels (res://tools/capture_issue_36.gd:159)
       [1] _capture_pair (res://tools/capture_issue_36.gd:139)
SCRIPT ERROR: Cannot call method 'get_image' on a null value.
   at: _check_pixels (res://tools/capture_issue_36.gd:159)
   GDScript backtrace (most recent call first):
       [0] _check_pixels (res://tools/capture_issue_36.gd:159)
       [1] _capture_pair (res://tools/capture_issue_36.gd:139)
SCRIPT ERROR: Cannot call method 'get_image' on a null value.
   at: _check_pixels (res://tools/capture_issue_36.gd:159)
   GDScript backtrace (most recent call first):
       [0] _check_pixels (res://tools/capture_issue_36.gd:159)
       [1] _capture_pair (res://tools/capture_issue_36.gd:139)
SCRIPT ERROR: Cannot call method 'get_image' on a null value.
   at: _check_pixels (res://tools/capture_issue_36.gd:159)
   GDScript backtrace (most recent call first):
       [0] _check_pixels (res://tools/capture_issue_36.gd:159)
       [1] _capture_pair (res://tools/capture_issue_36.gd:139)
SCRIPT ERROR: Cannot call method 'get_image' on a null value.
   at: _check_pixels (res://tools/capture_issue_36.gd:159)
   GDScript backtrace (most recent call first):
       [0] _check_pixels (res://tools/capture_issue_36.gd:159)
       [1] _capture_pair (res://tools/capture_issue_36.gd:139)
SCRIPT ERROR: Cannot call method 'get_image' on a null value.
   at: _check_pixels (res://tools/capture_issue_36.gd:159)
   GDScript backtrace (most recent call first):
       [0] _check_pixels (res://tools/capture_issue_36.gd:159)
       [1] _capture_pair (res://tools/capture_issue_36.gd:139)
SCRIPT ERROR: Cannot call method 'get_image' on a null value.
   at: _check_pixels (res://tools/capture_issue_36.gd:159)
   GDScript backtrace (most recent call first):
       [0] _check_pixels (res://tools/capture_issue_36.gd:159)
       [1] _capture_pair (res://tools/capture_issue_36.gd:139)
SCRIPT ERROR: Cannot call method 'get_image' on a null value.
   at: _check_pixels (res://tools/capture_issue_36.gd:159)
   GDScript backtrace (most recent call first):
       [0] _check_pixels (res://tools/capture_issue_36.gd:159)
       [1] _capture_pair (res://tools/capture_issue_36.gd:139)
SCRIPT ERROR: Cannot call method 'get_image' on a null value.
   at: _check_pixels (res://tools/capture_issue_36.gd:159)
   GDScript backtrace (most recent call first):
       [0] _check_pixels (res://tools/capture_issue_36.gd:159)
       [1] _capture_pair (res://tools/capture_issue_36.gd:139)
SCRIPT ERROR: Cannot call method 'get_image' on a null value.
   at: _check_pixels (res://tools/capture_issue_36.gd:159)
   GDScript backtrace (most recent call first):
       [0] _check_pixels (res://tools/capture_issue_36.gd:159)
       [1] _capture_pair (res://tools/capture_issue_36.gd:139)
SCRIPT ERROR: Cannot call method 'get_image' on a null value.
   at: _check_pixels (res://tools/capture_issue_36.gd:159)
   GDScript backtrace (most recent call first):
       [0] _check_pixels (res://tools/capture_issue_36.gd:159)
       [1] _capture_pair (res://tools/capture_issue_36.gd:139)
SCRIPT ERROR: Cannot call method 'get_image' on a null value.
   at: _check_pixels (res://tools/capture_issue_36.gd:159)
   GDScript backtrace (most recent call first):
       [0] _check_pixels (res://tools/capture_issue_36.gd:159)
       [1] _capture_pair (res://tools/capture_issue_36.gd:139)
SCRIPT ERROR: Cannot call method 'get_image' on a null value.
   at: _check_pixels (res://tools/capture_issue_36.gd:159)
   GDScript backtrace (most recent call first):
       [0] _check_pixels (res://tools/capture_issue_36.gd:159)
       [1] _capture_pair (res://tools/capture_issue_36.gd:139)
SCRIPT ERROR: Cannot call method 'get_image' on a null value.
   at: _check_pixels (res://tools/capture_issue_36.gd:159)
   GDScript backtrace (most recent call first):
       [0] _check_pixels (res://tools/capture_issue_36.gd:159)
       [1] _capture_pair (res://tools/capture_issue_36.gd:139)
WARNING: 54 RIDs of type "CanvasItem" were leaked.
   at: _free_rids (servers/rendering/renderer_canvas_cull.cpp:2735)
WARNING: 57 ObjectDB instances were leaked at exit (run with `--verbose` for details).
   at: cleanup (core/object/object.cpp:2536)
ERROR: 2 resources still in use at exit (run with --verbose for details).
   at: clear (core/io/resource.cpp:822)


======================================================================
FAIL: test_running_turning_jump_landing_hurt_and_both_cameras (test_operative_flash_compositing.OperativeFlashCompositing.test_running_turning_jump_landing_hurt_and_both_cameras) (scenario='fixed')
----------------------------------------------------------------------
Traceback (most recent call last):
  File "E:\Projects\game_hundouluo_codex_worktree\issue-36-muzzle-flash-compositing\.scratch\issue-36\verification-source-74bcc83\tests\test_operative_flash_compositing.py", line 20, in test_running_turning_jump_landing_hurt_and_both_cameras
    self.run_capture(["--full", "--ticks=180", "--scenario=" + scenario])
  File "E:\Projects\game_hundouluo_codex_worktree\issue-36-muzzle-flash-compositing\.scratch\issue-36\verification-source-74bcc83\tests\test_operative_flash_compositing.py", line 36, in run_capture
    self.assertIsNone(re.search(r"^\s*(ERROR:|SCRIPT ERROR:|WARNING:)", log, re.MULTILINE), log)
AssertionError: <re.Match object; span=(234, 240), match='ERROR:'> is not None : Godot Engine v4.7.2.stable.official.ed1daf0bf - https://godotengine.org
OpenGL API 3.3.0 NVIDIA 610.47 - Compatibility - Using Device: NVIDIA - NVIDIA GeForce RTX 4060 Laptop GPU

PASS: visible muzzle attachment and stable gun pixels
ERROR: 18 RID allocations of type 'P11GodotArea2D' were leaked at exit.
ERROR: 1 RID allocations of type 'P12GodotShape2D' were leaked at exit.
ERROR: Unable to open file: res://.godot/imported/base_tiles.png-26457a43f6facaf976ce05f158af5eec.ctex.
   at: _load_data (scene/resources/compressed_texture.cpp:45)
   GDScript backtrace (most recent call first):
       [0] _run (res://tools/capture_issue_36.gd:45)
ERROR: Failed loading resource: res://.godot/imported/base_tiles.png-26457a43f6facaf976ce05f158af5eec.ctex.
   at: _load (core/io/resource_loader.cpp:317)
   GDScript backtrace (most recent call first):
       [0] _run (res://tools/capture_issue_36.gd:45)
ERROR: Failed loading resource: res://assets/pixel/base_tiles.png.
   at: _load (core/io/resource_loader.cpp:317)
   GDScript backtrace (most recent call first):
       [0] _run (res://tools/capture_issue_36.gd:45)
ERROR: Unable to open file: res://.godot/imported/hangar_deck.png-23d76946811f5b7a9a143f16f20fe391.ctex.
   at: _load_data (scene/resources/compressed_texture.cpp:45)
   GDScript backtrace (most recent call first):
       [0] _run (res://tools/capture_issue_36.gd:45)
ERROR: Failed loading resource: res://.godot/imported/hangar_deck.png-23d76946811f5b7a9a143f16f20fe391.ctex.
   at: _load (core/io/resource_loader.cpp:317)
   GDScript backtrace (most recent call first):
       [0] _run (res://tools/capture_issue_36.gd:45)
ERROR: Failed loading resource: res://assets/pixel/hangar_deck.png.
   at: _load (core/io/resource_loader.cpp:317)
   GDScript backtrace (most recent call first):
       [0] _run (res://tools/capture_issue_36.gd:45)
SCRIPT ERROR: Parse Error: Could not preload resource file "res://assets/pixel/base_tiles.png".
   at: GDScript::reload (res://scripts/level.gd:5)
   GDScript backtrace (most recent call first):
       [0] _run (res://tools/capture_issue_36.gd:45)
SCRIPT ERROR: Parse Error: Cannot infer the type of "TILES" constant because the value doesn't have a set type.
   at: GDScript::reload (res://scripts/level.gd:5)
   GDScript backtrace (most recent call first):
       [0] _run (res://tools/capture_issue_36.gd:45)
SCRIPT ERROR: Parse Error: Could not preload resource file "res://assets/pixel/hangar_deck.png".
   at: GDScript::reload (res://scripts/level.gd:6)
   GDScript backtrace (most recent call first):
       [0] _run (res://tools/capture_issue_36.gd:45)
SCRIPT ERROR: Parse Error: Cannot infer the type of "DECK" constant because the value doesn't have a set type.
   at: GDScript::reload (res://scripts/level.gd:6)
   GDScript backtrace (most recent call first):
       [0] _run (res://tools/capture_issue_36.gd:45)
SCRIPT ERROR: Parse Error: Could not find type "MechanicalSoldier" in the current scope.
   at: GDScript::reload (res://scripts/level.gd:67)
   GDScript backtrace (most recent call first):
       [0] _run (res://tools/capture_issue_36.gd:45)
SCRIPT ERROR: Parse Error: Cannot infer the type of "soldier" variable because the value doesn't have a set type.
   at: GDScript::reload (res://scripts/level.gd:67)
   GDScript backtrace (most recent call first):
       [0] _run (res://tools/capture_issue_36.gd:45)
SCRIPT ERROR: Parse Error: Could not find type "MechanicalSoldier" in the current scope.
   at: GDScript::reload (res://scripts/level.gd:119)
   GDScript backtrace (most recent call first):
       [0] _run (res://tools/capture_issue_36.gd:45)
SCRIPT ERROR: Parse Error: Cannot infer the type of "soldier" variable because the value doesn't have a set type.
   at: GDScript::reload (res://scripts/level.gd:119)
   GDScript backtrace (most recent call first):
       [0] _run (res://tools/capture_issue_36.gd:45)
SCRIPT ERROR: Parse Error: Could not find type "DefenseMech" in the current scope.
   at: GDScript::reload (res://scripts/level.gd:133)
   GDScript backtrace (most recent call first):
       [0] _run (res://tools/capture_issue_36.gd:45)
SCRIPT ERROR: Parse Error: Cannot infer the type of "mech" variable because the value doesn't have a set type.
   at: GDScript::reload (res://scripts/level.gd:133)
   GDScript backtrace (most recent call first):
       [0] _run (res://tools/capture_issue_36.gd:45)
ERROR: Failed to load script "res://scripts/level.gd" with error "Parse error".
   at: load (modules/gdscript/gdscript_resource_format.cpp:46)
   GDScript backtrace (most recent call first):
       [0] _run (res://tools/capture_issue_36.gd:45)
ERROR: Unable to open file: res://.godot/imported/atlas.png-04c5df77a4b02244cd0e868f7017e8d8.ctex.
   at: _load_data (scene/resources/compressed_texture.cpp:45)
   GDScript backtrace (most recent call first):
       [0] _run (res://tools/capture_issue_36.gd:45)
ERROR: Failed loading resource: res://.godot/imported/atlas.png-04c5df77a4b02244cd0e868f7017e8d8.ctex.
   at: _load (core/io/resource_loader.cpp:317)
   GDScript backtrace (most recent call first):
       [0] _run (res://tools/capture_issue_36.gd:45)
ERROR: Failed loading resource: res://assets/combat_v011/atlas.png.
   at: _load (core/io/resource_loader.cpp:317)
   GDScript backtrace (most recent call first):
       [0] _run (res://tools/capture_issue_36.gd:45)
ERROR: res://scenes/friendly_projectile.tscn:19 - Parse Error: [ext_resource] referenced non-existent resource at: res://assets/combat_v011/atlas.png.
   at: _printerr (scene/resources/resource_format_text.cpp:41)
   GDScript backtrace (most recent call first):
       [0] _run (res://tools/capture_issue_36.gd:45)
ERROR: Unable to open file: res://.godot/imported/atlas.png-04c5df77a4b02244cd0e868f7017e8d8.ctex.
   at: _load_data (scene/resources/compressed_texture.cpp:45)
   GDScript backtrace (most recent call first):
       [0] _run (res://tools/capture_issue_36.gd:45)
ERROR: Failed loading resource: res://.godot/imported/atlas.png-04c5df77a4b02244cd0e868f7017e8d8.ctex.
   at: _load (core/io/resource_loader.cpp:317)
   GDScript backtrace (most recent call first):
       [0] _run (res://tools/capture_issue_36.gd:45)
ERROR: Failed loading resource: res://assets/combat_v011/atlas.png.
   at: _load (core/io/resource_loader.cpp:317)
   GDScript backtrace (most recent call first):
       [0] _run (res://tools/capture_issue_36.gd:45)
ERROR: res://scenes/combat_flash.tscn:9 - Parse Error: [ext_resource] referenced non-existent resource at: res://assets/combat_v011/atlas.png.
   at: _printerr (scene/resources/resource_format_text.cpp:41)
   GDScript backtrace (most recent call first):
       [0] _run (res://tools/capture_issue_36.gd:45)
ERROR: Unable to open file: res://.godot/imported/operative.png-705a9f046566e73ee88eae43ff2d8d2a.ctex.
   at: _load_data (scene/resources/compressed_texture.cpp:45)
   GDScript backtrace (most recent call first):
       [0] _run (res://tools/capture_issue_36.gd:45)
ERROR: Failed loading resource: res://.godot/imported/operative.png-705a9f046566e73ee88eae43ff2d8d2a.ctex.
   at: _load (core/io/resource_loader.cpp:317)
   GDScript backtrace (most recent call first):
       [0] _run (res://tools/capture_issue_36.gd:45)
ERROR: Failed loading resource: res://assets/pixel/operative.png.
   at: _load (core/io/resource_loader.cpp:317)
   GDScript backtrace (most recent call first):
       [0] _run (res://tools/capture_issue_36.gd:45)
ERROR: res://scenes/operative.tscn:23 - Parse Error: [ext_resource] referenced non-existent resource at: res://assets/pixel/operative.png.
   at: _printerr (scene/resources/resource_format_text.cpp:41)
   GDScript backtrace (most recent call first):
       [0] _run (res://tools/capture_issue_36.gd:45)
ERROR: Unable to open file: res://.godot/imported/hangar_far.png-8b02b32ccfe7b193cd9dc0a423685074.ctex.
   at: _load_data (scene/resources/compressed_texture.cpp:45)
   GDScript backtrace (most recent call first):
       [0] _run (res://tools/capture_issue_36.gd:45)
ERROR: Failed loading resource: res://.godot/imported/hangar_far.png-8b02b32ccfe7b193cd9dc0a423685074.ctex.
   at: _load (core/io/resource_loader.cpp:317)
   GDScript backtrace (most recent call first):
       [0] _run (res://tools/capture_issue_36.gd:45)
ERROR: Failed loading resource: res://assets/pixel/hangar_far.png.
   at: _load (core/io/resource_loader.cpp:317)
   GDScript backtrace (most recent call first):
       [0] _run (res://tools/capture_issue_36.gd:45)
ERROR: Unable to open file: res://.godot/imported/hangar_mid.png-a6cd488adb92e4a16ec5e64ae0e2bd2a.ctex.
   at: _load_data (scene/resources/compressed_texture.cpp:45)
   GDScript backtrace (most recent call first):
       [0] _run (res://tools/capture_issue_36.gd:45)
ERROR: Failed loading resource: res://.godot/imported/hangar_mid.png-a6cd488adb92e4a16ec5e64ae0e2bd2a.ctex.
   at: _load (core/io/resource_loader.cpp:317)
   GDScript backtrace (most recent call first):
       [0] _run (res://tools/capture_issue_36.gd:45)
ERROR: Failed loading resource: res://assets/pixel/hangar_mid.png.
   at: _load (core/io/resource_loader.cpp:317)
   GDScript backtrace (most recent call first):
       [0] _run (res://tools/capture_issue_36.gd:45)
ERROR: Unable to open file: res://.godot/imported/atlas.png-04c5df77a4b02244cd0e868f7017e8d8.ctex.
   at: _load_data (scene/resources/compressed_texture.cpp:45)
   GDScript backtrace (most recent call first):
       [0] _run (res://tools/capture_issue_36.gd:45)
ERROR: Failed loading resource: res://.godot/imported/atlas.png-04c5df77a4b02244cd0e868f7017e8d8.ctex.
   at: _load (core/io/resource_loader.cpp:317)
   GDScript backtrace (most recent call first):
       [0] _run (res://tools/capture_issue_36.gd:45)
ERROR: Failed loading resource: res://assets/combat_v011/atlas.png.
   at: _load (core/io/resource_loader.cpp:317)
   GDScript backtrace (most recent call first):
       [0] _run (res://tools/capture_issue_36.gd:45)
ERROR: res://scenes/enemy_projectile.tscn:19 - Parse Error: [ext_resource] referenced non-existent resource at: res://assets/combat_v011/atlas.png.
   at: _printerr (scene/resources/resource_format_text.cpp:41)
   GDScript backtrace (most recent call first):
       [0] _run (res://tools/capture_issue_36.gd:45)
ERROR: Unable to open file: res://.godot/imported/mechanical_soldier.png-77969d65dcf54cc8c874f0bc63900e84.ctex.
   at: _load_data (scene/resources/compressed_texture.cpp:45)
   GDScript backtrace (most recent call first):
       [0] _run (res://tools/capture_issue_36.gd:45)
ERROR: Failed loading resource: res://.godot/imported/mechanical_soldier.png-77969d65dcf54cc8c874f0bc63900e84.ctex.
   at: _load (core/io/resource_loader.cpp:317)
   GDScript backtrace (most recent call first):
       [0] _run (res://tools/capture_issue_36.gd:45)
ERROR: Failed loading resource: res://assets/pixel/mechanical_soldier.png.
   at: _load (core/io/resource_loader.cpp:317)
   GDScript backtrace (most recent call first):
       [0] _run (res://tools/capture_issue_36.gd:45)
ERROR: res://scenes/mechanical_soldier.tscn:24 - Parse Error: [ext_resource] referenced non-existent resource at: res://assets/pixel/mechanical_soldier.png.
   at: _printerr (scene/resources/resource_format_text.cpp:41)
   GDScript backtrace (most recent call first):
       [0] _run (res://tools/capture_issue_36.gd:45)
ERROR: Unable to open file: res://.godot/imported/defense_mech.png-2533390884123f8a3071e913696cc097.ctex.
   at: _load_data (scene/resources/compressed_texture.cpp:45)
   GDScript backtrace (most recent call first):
       [0] _run (res://tools/capture_issue_36.gd:45)
ERROR: Failed loading resource: res://.godot/imported/defense_mech.png-2533390884123f8a3071e913696cc097.ctex.
   at: _load (core/io/resource_loader.cpp:317)
   GDScript backtrace (most recent call first):
       [0] _run (res://tools/capture_issue_36.gd:45)
ERROR: Failed loading resource: res://assets/pixel/defense_mech.png.
   at: _load (core/io/resource_loader.cpp:317)
   GDScript backtrace (most recent call first):
       [0] _run (res://tools/capture_issue_36.gd:45)
ERROR: Unable to open file: res://.godot/imported/atlas.png-04c5df77a4b02244cd0e868f7017e8d8.ctex.
   at: _load_data (scene/resources/compressed_texture.cpp:45)
   GDScript backtrace (most recent call first):
       [0] _run (res://tools/capture_issue_36.gd:45)
ERROR: Failed loading resource: res://.godot/imported/atlas.png-04c5df77a4b02244cd0e868f7017e8d8.ctex.
   at: _load (core/io/resource_loader.cpp:317)
   GDScript backtrace (most recent call first):
       [0] _run (res://tools/capture_issue_36.gd:45)
ERROR: Failed loading resource: res://assets/combat_v011/atlas.png.
   at: _load (core/io/resource_loader.cpp:317)
   GDScript backtrace (most recent call first):
       [0] _run (res://tools/capture_issue_36.gd:45)
ERROR: res://scenes/defense_mech.tscn:25 - Parse Error: [ext_resource] referenced non-existent resource at: res://assets/pixel/defense_mech.png.
   at: _printerr (scene/resources/resource_format_text.cpp:41)
   GDScript backtrace (most recent call first):
       [0] _run (res://tools/capture_issue_36.gd:45)
ERROR: res://scenes/defense_mech.tscn:33 - Parse Error: [ext_resource] referenced non-existent resource at: res://assets/combat_v011/atlas.png.
   at: _printerr (scene/resources/resource_format_text.cpp:41)
   GDScript backtrace (most recent call first):
       [0] _run (res://tools/capture_issue_36.gd:45)
ERROR: Unable to open file: res://.godot/imported/life-full.png-7140023e5be9f07bf64d6a9a8e5f7855.ctex.
   at: _load_data (scene/resources/compressed_texture.cpp:45)
   GDScript backtrace (most recent call first):
       [0] _run (res://tools/capture_issue_36.gd:45)
ERROR: Failed loading resource: res://.godot/imported/life-full.png-7140023e5be9f07bf64d6a9a8e5f7855.ctex.
   at: _load (core/io/resource_loader.cpp:317)
   GDScript backtrace (most recent call first):
       [0] _run (res://tools/capture_issue_36.gd:45)
ERROR: Failed loading resource: res://assets/ui_v011/life-full.png.
   at: _load (core/io/resource_loader.cpp:317)
   GDScript backtrace (most recent call first):
       [0] _run (res://tools/capture_issue_36.gd:45)
ERROR: Unable to open file: res://.godot/imported/life-empty.png-aa84ef66ff744aff4a08b159a13641b8.ctex.
   at: _load_data (scene/resources/compressed_texture.cpp:45)
   GDScript backtrace (most recent call first):
       [0] _run (res://tools/capture_issue_36.gd:45)
ERROR: Failed loading resource: res://.godot/imported/life-empty.png-aa84ef66ff744aff4a08b159a13641b8.ctex.
   at: _load (core/io/resource_loader.cpp:317)
   GDScript backtrace (most recent call first):
       [0] _run (res://tools/capture_issue_36.gd:45)
ERROR: Failed loading resource: res://assets/ui_v011/life-empty.png.
   at: _load (core/io/resource_loader.cpp:317)
   GDScript backtrace (most recent call first):
       [0] _run (res://tools/capture_issue_36.gd:45)
SCRIPT ERROR: Parse Error: Could not preload resource file "res://assets/ui_v011/life-full.png".
   at: GDScript::reload (res://scripts/level_hud.gd:4)
   GDScript backtrace (most recent call first):
       [0] _run (res://tools/capture_issue_36.gd:45)
SCRIPT ERROR: Parse Error: Cannot infer the type of "LIFE_FULL" constant because the value doesn't have a set type.
   at: GDScript::reload (res://scripts/level_hud.gd:4)
   GDScript backtrace (most recent call first):
       [0] _run (res://tools/capture_issue_36.gd:45)
SCRIPT ERROR: Parse Error: Could not preload resource file "res://assets/ui_v011/life-empty.png".
   at: GDScript::reload (res://scripts/level_hud.gd:5)
   GDScript backtrace (most recent call first):
       [0] _run (res://tools/capture_issue_36.gd:45)
SCRIPT ERROR: Parse Error: Cannot infer the type of "LIFE_EMPTY" constant because the value doesn't have a set type.
   at: GDScript::reload (res://scripts/level_hud.gd:5)
   GDScript backtrace (most recent call first):
       [0] _run (res://tools/capture_issue_36.gd:45)
ERROR: Failed to load script "res://scripts/level_hud.gd" with error "Parse error".
   at: load (modules/gdscript/gdscript_resource_format.cpp:46)
   GDScript backtrace (most recent call first):
       [0] _run (res://tools/capture_issue_36.gd:45)
ERROR: Unable to open file: res://.godot/imported/atlas.png-04c5df77a4b02244cd0e868f7017e8d8.ctex.
   at: _load_data (scene/resources/compressed_texture.cpp:45)
   GDScript backtrace (most recent call first):
       [0] _run (res://tools/capture_issue_36.gd:45)
ERROR: Failed loading resource: res://.godot/imported/atlas.png-04c5df77a4b02244cd0e868f7017e8d8.ctex.
   at: _load (core/io/resource_loader.cpp:317)
   GDScript backtrace (most recent call first):
       [0] _run (res://tools/capture_issue_36.gd:45)
ERROR: Failed loading resource: res://assets/combat_v011/atlas.png.
   at: _load (core/io/resource_loader.cpp:317)
   GDScript backtrace (most recent call first):
       [0] _run (res://tools/capture_issue_36.gd:45)
SCRIPT ERROR: Parse Error: Could not preload resource file "res://assets/combat_v011/atlas.png".
   at: GDScript::reload (res://scripts/combat_feedback.gd:25)
   GDScript backtrace (most recent call first):
       [0] _run (res://tools/capture_issue_36.gd:45)
SCRIPT ERROR: Parse Error: Cannot infer the type of "IMPACT_ATLAS" constant because the value doesn't have a set type.
   at: GDScript::reload (res://scripts/combat_feedback.gd:25)
   GDScript backtrace (most recent call first):
       [0] _run (res://tools/capture_issue_36.gd:45)
ERROR: Failed to load script "res://scripts/combat_feedback.gd" with error "Parse error".
   at: load (modules/gdscript/gdscript_resource_format.cpp:46)
   GDScript backtrace (most recent call first):
       [0] _run (res://tools/capture_issue_36.gd:45)
ERROR: Unable to open file: res://.godot/imported/gate.png-1c7e3da1def0016ab8cab89aa14aeee0.ctex.
   at: _load_data (scene/resources/compressed_texture.cpp:45)
   GDScript backtrace (most recent call first):
       [0] _run (res://tools/capture_issue_36.gd:45)
ERROR: Failed loading resource: res://.godot/imported/gate.png-1c7e3da1def0016ab8cab89aa14aeee0.ctex.
   at: _load (core/io/resource_loader.cpp:317)
   GDScript backtrace (most recent call first):
       [0] _run (res://tools/capture_issue_36.gd:45)
ERROR: Failed loading resource: res://assets/entry_gate_v011/gate.png.
   at: _load (core/io/resource_loader.cpp:317)
   GDScript backtrace (most recent call first):
       [0] _run (res://tools/capture_issue_36.gd:45)
ERROR: Unable to open file: res://.godot/imported/hud.png-b93ca9f6f8ae04c8902fd378e45662c7.ctex.
   at: _load_data (scene/resources/compressed_texture.cpp:45)
   GDScript backtrace (most recent call first):
       [0] _run (res://tools/capture_issue_36.gd:45)
ERROR: Failed loading resource: res://.godot/imported/hud.png-b93ca9f6f8ae04c8902fd378e45662c7.ctex.
   at: _load (core/io/resource_loader.cpp:317)
   GDScript backtrace (most recent call first):
       [0] _run (res://tools/capture_issue_36.gd:45)
ERROR: Failed loading resource: res://assets/ui_v011/hud.png.
   at: _load (core/io/resource_loader.cpp:317)
   GDScript backtrace (most recent call first):
       [0] _run (res://tools/capture_issue_36.gd:45)
ERROR: Unable to open file: res://.godot/imported/life-full.png-7140023e5be9f07bf64d6a9a8e5f7855.ctex.
   at: _load_data (scene/resources/compressed_texture.cpp:45)
   GDScript backtrace (most recent call first):
       [0] _run (res://tools/capture_issue_36.gd:45)
ERROR: Failed loading resource: res://.godot/imported/life-full.png-7140023e5be9f07bf64d6a9a8e5f7855.ctex.
   at: _load (core/io/resource_loader.cpp:317)
   GDScript backtrace (most recent call first):
       [0] _run (res://tools/capture_issue_36.gd:45)
ERROR: Failed loading resource: res://assets/ui_v011/life-full.png.
   at: _load (core/io/resource_loader.cpp:317)
   GDScript backtrace (most recent call first):
       [0] _run (res://tools/capture_issue_36.gd:45)
ERROR: Unable to open file: res://.godot/imported/outcome-top.png-3aa8a5ef9b558e5401d15e59d8cbe624.ctex.
   at: _load_data (scene/resources/compressed_texture.cpp:45)
   GDScript backtrace (most recent call first):
       [0] _run (res://tools/capture_issue_36.gd:45)
ERROR: Failed loading resource: res://.godot/imported/outcome-top.png-3aa8a5ef9b558e5401d15e59d8cbe624.ctex.
   at: _load (core/io/resource_loader.cpp:317)
   GDScript backtrace (most recent call first):
       [0] _run (res://tools/capture_issue_36.gd:45)
ERROR: Failed loading resource: res://assets/ui_v011/outcome-top.png.
   at: _load (core/io/resource_loader.cpp:317)
   GDScript backtrace (most recent call first):
       [0] _run (res://tools/capture_issue_36.gd:45)
ERROR: Unable to open file: res://.godot/imported/outcome-bottom.png-2b1fd568a2c7d52b34595a89b3e6106f.ctex.
   at: _load_data (scene/resources/compressed_texture.cpp:45)
   GDScript backtrace (most recent call first):
       [0] _run (res://tools/capture_issue_36.gd:45)
ERROR: Failed loading resource: res://.godot/imported/outcome-bottom.png-2b1fd568a2c7d52b34595a89b3e6106f.ctex.
   at: _load (core/io/resource_loader.cpp:317)
   GDScript backtrace (most recent call first):
       [0] _run (res://tools/capture_issue_36.gd:45)
ERROR: Failed loading resource: res://assets/ui_v011/outcome-bottom.png.
   at: _load (core/io/resource_loader.cpp:317)
   GDScript backtrace (most recent call first):
       [0] _run (res://tools/capture_issue_36.gd:45)
ERROR: Unable to open file: res://.godot/imported/portrait.png-713fc3f6419524a88943faaa969238c5.ctex.
   at: _load_data (scene/resources/compressed_texture.cpp:45)
   GDScript backtrace (most recent call first):
       [0] _run (res://tools/capture_issue_36.gd:45)
ERROR: Failed loading resource: res://.godot/imported/portrait.png-713fc3f6419524a88943faaa969238c5.ctex.
   at: _load (core/io/resource_loader.cpp:317)
   GDScript backtrace (most recent call first):
       [0] _run (res://tools/capture_issue_36.gd:45)
ERROR: Failed loading resource: res://assets/ui_v011/portrait.png.
   at: _load (core/io/resource_loader.cpp:317)
   GDScript backtrace (most recent call first):
       [0] _run (res://tools/capture_issue_36.gd:45)
ERROR: Unable to open file: res://.godot/imported/rifle.png-e50bf32ad472a35d093785d4d48b3c72.ctex.
   at: _load_data (scene/resources/compressed_texture.cpp:45)
   GDScript backtrace (most recent call first):
       [0] _run (res://tools/capture_issue_36.gd:45)
ERROR: Failed loading resource: res://.godot/imported/rifle.png-e50bf32ad472a35d093785d4d48b3c72.ctex.
   at: _load (core/io/resource_loader.cpp:317)
   GDScript backtrace (most recent call first):
       [0] _run (res://tools/capture_issue_36.gd:45)
ERROR: Failed loading resource: res://assets/ui_v011/rifle.png.
   at: _load (core/io/resource_loader.cpp:317)
   GDScript backtrace (most recent call first):
       [0] _run (res://tools/capture_issue_36.gd:45)
ERROR: Cannot open file 'res://.godot/imported/fusion-pixel-12px-proportional-zh_hans.otf-cbf128b4da7acd6603a3be3f834c880b.fontdata'.
   at: load (core/io/resource_format_binary.cpp:1156)
   GDScript backtrace (most recent call first):
       [0] _run (res://tools/capture_issue_36.gd:45)
ERROR: Failed loading resource: res://.godot/imported/fusion-pixel-12px-proportional-zh_hans.otf-cbf128b4da7acd6603a3be3f834c880b.fontdata.
   at: _load (core/io/resource_loader.cpp:317)
   GDScript backtrace (most recent call first):
       [0] _run (res://tools/capture_issue_36.gd:45)
ERROR: Failed loading resource: res://assets/ui_v011/fusion-pixel-12px-proportional-zh_hans.otf.
   at: _load (core/io/resource_loader.cpp:317)
   GDScript backtrace (most recent call first):
       [0] _run (res://tools/capture_issue_36.gd:45)
ERROR: res://scenes/level.tscn:54 - Parse Error: [ext_resource] referenced non-existent resource at: res://assets/pixel/hangar_far.png.
   at: _printerr (scene/resources/resource_format_text.cpp:41)
   GDScript backtrace (most recent call first):
       [0] _run (res://tools/capture_issue_36.gd:45)
ERROR: res://scenes/level.tscn:60 - Parse Error: [ext_resource] referenced non-existent resource at: res://assets/pixel/hangar_mid.png.
   at: _printerr (scene/resources/resource_format_text.cpp:41)
   GDScript backtrace (most recent call first):
       [0] _run (res://tools/capture_issue_36.gd:45)
ERROR: res://scenes/level.tscn:66 - Parse Error: [ext_resource] referenced non-existent resource at: res://assets/pixel/hangar_far.png.
   at: _printerr (scene/resources/resource_format_text.cpp:41)
   GDScript backtrace (most recent call first):
       [0] _run (res://tools/capture_issue_36.gd:45)
ERROR: res://scenes/level.tscn:72 - Parse Error: [ext_resource] referenced non-existent resource at: res://assets/pixel/hangar_mid.png.
   at: _printerr (scene/resources/resource_format_text.cpp:41)
   GDScript backtrace (most recent call first):
       [0] _run (res://tools/capture_issue_36.gd:45)
ERROR: res://scenes/level.tscn:78 - Parse Error: [ext_resource] referenced non-existent resource at: res://assets/pixel/hangar_far.png.
   at: _printerr (scene/resources/resource_format_text.cpp:41)
   GDScript backtrace (most recent call first):
       [0] _run (res://tools/capture_issue_36.gd:45)
ERROR: res://scenes/level.tscn:84 - Parse Error: [ext_resource] referenced non-existent resource at: res://assets/pixel/hangar_mid.png.
   at: _printerr (scene/resources/resource_format_text.cpp:41)
   GDScript backtrace (most recent call first):
       [0] _run (res://tools/capture_issue_36.gd:45)
ERROR: res://scenes/level.tscn:118 - Parse Error: [ext_resource] referenced non-existent resource at: res://assets/entry_gate_v011/gate.png.
   at: _printerr (scene/resources/resource_format_text.cpp:41)
   GDScript backtrace (most recent call first):
       [0] _run (res://tools/capture_issue_36.gd:45)
ERROR: res://scenes/level.tscn:198 - Parse Error: [ext_resource] referenced non-existent resource at: res://assets/ui_v011/hud.png.
   at: _printerr (scene/resources/resource_format_text.cpp:41)
   GDScript backtrace (most recent call first):
       [0] _run (res://tools/capture_issue_36.gd:45)
ERROR: res://scenes/level.tscn:207 - Parse Error: [ext_resource] referenced non-existent resource at: res://assets/ui_v011/life-full.png.
   at: _printerr (scene/resources/resource_format_text.cpp:41)
   GDScript backtrace (most recent call first):
       [0] _run (res://tools/capture_issue_36.gd:45)
ERROR: res://scenes/level.tscn:216 - Parse Error: [ext_resource] referenced non-existent resource at: res://assets/ui_v011/life-full.png.
   at: _printerr (scene/resources/resource_format_text.cpp:41)
   GDScript backtrace (most recent call first):
       [0] _run (res://tools/capture_issue_36.gd:45)
ERROR: res://scenes/level.tscn:225 - Parse Error: [ext_resource] referenced non-existent resource at: res://assets/ui_v011/life-full.png.
   at: _printerr (scene/resources/resource_format_text.cpp:41)
   GDScript backtrace (most recent call first):
       [0] _run (res://tools/capture_issue_36.gd:45)
ERROR: res://scenes/level.tscn:234 - Parse Error: [ext_resource] referenced non-existent resource at: res://assets/ui_v011/portrait.png.
   at: _printerr (scene/resources/resource_format_text.cpp:41)
   GDScript backtrace (most recent call first):
       [0] _run (res://tools/capture_issue_36.gd:45)
ERROR: res://scenes/level.tscn:244 - Parse Error: [ext_resource] referenced non-existent resource at: res://assets/ui_v011/rifle.png.
   at: _printerr (scene/resources/resource_format_text.cpp:41)
   GDScript backtrace (most recent call first):
       [0] _run (res://tools/capture_issue_36.gd:45)
ERROR: res://scenes/level.tscn:258 - Parse Error: [ext_resource] referenced non-existent resource at: res://assets/ui_v011/fusion-pixel-12px-proportional-zh_hans.otf.
   at: _printerr (scene/resources/resource_format_text.cpp:41)
   GDScript backtrace (most recent call first):
       [0] _run (res://tools/capture_issue_36.gd:45)
ERROR: res://scenes/level.tscn:274 - Parse Error: [ext_resource] referenced non-existent resource at: res://assets/ui_v011/fusion-pixel-12px-proportional-zh_hans.otf.
   at: _printerr (scene/resources/resource_format_text.cpp:41)
   GDScript backtrace (most recent call first):
       [0] _run (res://tools/capture_issue_36.gd:45)
ERROR: res://scenes/level.tscn:316 - Parse Error: [ext_resource] referenced non-existent resource at: res://assets/ui_v011/outcome-top.png.
   at: _printerr (scene/resources/resource_format_text.cpp:41)
   GDScript backtrace (most recent call first):
       [0] _run (res://tools/capture_issue_36.gd:45)
ERROR: res://scenes/level.tscn:327 - Parse Error: [ext_resource] referenced non-existent resource at: res://assets/ui_v011/outcome-bottom.png.
   at: _printerr (scene/resources/resource_format_text.cpp:41)
   GDScript backtrace (most recent call first):
       [0] _run (res://tools/capture_issue_36.gd:45)
ERROR: res://scenes/level.tscn:341 - Parse Error: [ext_resource] referenced non-existent resource at: res://assets/ui_v011/fusion-pixel-12px-proportional-zh_hans.otf.
   at: _printerr (scene/resources/resource_format_text.cpp:41)
   GDScript backtrace (most recent call first):
       [0] _run (res://tools/capture_issue_36.gd:45)
ERROR: res://scenes/level.tscn:357 - Parse Error: [ext_resource] referenced non-existent resource at: res://assets/ui_v011/fusion-pixel-12px-proportional-zh_hans.otf.
   at: _printerr (scene/resources/resource_format_text.cpp:41)
   GDScript backtrace (most recent call first):
       [0] _run (res://tools/capture_issue_36.gd:45)
ERROR: res://scenes/level.tscn:373 - Parse Error: [ext_resource] referenced non-existent resource at: res://assets/ui_v011/fusion-pixel-12px-proportional-zh_hans.otf.
   at: _printerr (scene/resources/resource_format_text.cpp:41)
   GDScript backtrace (most recent call first):
       [0] _run (res://tools/capture_issue_36.gd:45)
SCRIPT ERROR: Cannot call method 'get_image' on a null value.
   at: _check_pixels (res://tools/capture_issue_36.gd:159)
   GDScript backtrace (most recent call first):
       [0] _check_pixels (res://tools/capture_issue_36.gd:159)
       [1] _capture_pair (res://tools/capture_issue_36.gd:139)
SCRIPT ERROR: Cannot call method 'get_image' on a null value.
   at: _check_pixels (res://tools/capture_issue_36.gd:159)
   GDScript backtrace (most recent call first):
       [0] _check_pixels (res://tools/capture_issue_36.gd:159)
       [1] _capture_pair (res://tools/capture_issue_36.gd:139)
SCRIPT ERROR: Cannot call method 'get_image' on a null value.
   at: _check_pixels (res://tools/capture_issue_36.gd:159)
   GDScript backtrace (most recent call first):
       [0] _check_pixels (res://tools/capture_issue_36.gd:159)
       [1] _capture_pair (res://tools/capture_issue_36.gd:139)
SCRIPT ERROR: Cannot call method 'get_image' on a null value.
   at: _check_pixels (res://tools/capture_issue_36.gd:159)
   GDScript backtrace (most recent call first):
       [0] _check_pixels (res://tools/capture_issue_36.gd:159)
       [1] _capture_pair (res://tools/capture_issue_36.gd:139)
SCRIPT ERROR: Cannot call method 'get_image' on a null value.
   at: _check_pixels (res://tools/capture_issue_36.gd:159)
   GDScript backtrace (most recent call first):
       [0] _check_pixels (res://tools/capture_issue_36.gd:159)
       [1] _capture_pair (res://tools/capture_issue_36.gd:139)
SCRIPT ERROR: Cannot call method 'get_image' on a null value.
   at: _check_pixels (res://tools/capture_issue_36.gd:159)
   GDScript backtrace (most recent call first):
       [0] _check_pixels (res://tools/capture_issue_36.gd:159)
       [1] _capture_pair (res://tools/capture_issue_36.gd:139)
SCRIPT ERROR: Cannot call method 'get_image' on a null value.
   at: _check_pixels (res://tools/capture_issue_36.gd:159)
   GDScript backtrace (most recent call first):
       [0] _check_pixels (res://tools/capture_issue_36.gd:159)
       [1] _capture_pair (res://tools/capture_issue_36.gd:139)
SCRIPT ERROR: Cannot call method 'get_image' on a null value.
   at: _check_pixels (res://tools/capture_issue_36.gd:159)
   GDScript backtrace (most recent call first):
       [0] _check_pixels (res://tools/capture_issue_36.gd:159)
       [1] _capture_pair (res://tools/capture_issue_36.gd:139)
SCRIPT ERROR: Cannot call method 'get_image' on a null value.
   at: _check_pixels (res://tools/capture_issue_36.gd:159)
   GDScript backtrace (most recent call first):
       [0] _check_pixels (res://tools/capture_issue_36.gd:159)
       [1] _capture_pair (res://tools/capture_issue_36.gd:139)
SCRIPT ERROR: Cannot call method 'get_image' on a null value.
   at: _check_pixels (res://tools/capture_issue_36.gd:159)
   GDScript backtrace (most recent call first):
       [0] _check_pixels (res://tools/capture_issue_36.gd:159)
       [1] _capture_pair (res://tools/capture_issue_36.gd:139)
SCRIPT ERROR: Cannot call method 'get_image' on a null value.
   at: _check_pixels (res://tools/capture_issue_36.gd:159)
   GDScript backtrace (most recent call first):
       [0] _check_pixels (res://tools/capture_issue_36.gd:159)
       [1] _capture_pair (res://tools/capture_issue_36.gd:139)
SCRIPT ERROR: Cannot call method 'get_image' on a null value.
   at: _check_pixels (res://tools/capture_issue_36.gd:159)
   GDScript backtrace (most recent call first):
       [0] _check_pixels (res://tools/capture_issue_36.gd:159)
       [1] _capture_pair (res://tools/capture_issue_36.gd:139)
SCRIPT ERROR: Cannot call method 'get_image' on a null value.
   at: _check_pixels (res://tools/capture_issue_36.gd:159)
   GDScript backtrace (most recent call first):
       [0] _check_pixels (res://tools/capture_issue_36.gd:159)
       [1] _capture_pair (res://tools/capture_issue_36.gd:139)
SCRIPT ERROR: Cannot call method 'get_image' on a null value.
   at: _check_pixels (res://tools/capture_issue_36.gd:159)
   GDScript backtrace (most recent call first):
       [0] _check_pixels (res://tools/capture_issue_36.gd:159)
       [1] _capture_pair (res://tools/capture_issue_36.gd:139)
SCRIPT ERROR: Cannot call method 'get_image' on a null value.
   at: _check_pixels (res://tools/capture_issue_36.gd:159)
   GDScript backtrace (most recent call first):
       [0] _check_pixels (res://tools/capture_issue_36.gd:159)
       [1] _capture_pair (res://tools/capture_issue_36.gd:139)
SCRIPT ERROR: Cannot call method 'get_image' on a null value.
   at: _check_pixels (res://tools/capture_issue_36.gd:159)
   GDScript backtrace (most recent call first):
       [0] _check_pixels (res://tools/capture_issue_36.gd:159)
       [1] _capture_pair (res://tools/capture_issue_36.gd:139)
SCRIPT ERROR: Cannot call method 'get_image' on a null value.
   at: _check_pixels (res://tools/capture_issue_36.gd:159)
   GDScript backtrace (most recent call first):
       [0] _check_pixels (res://tools/capture_issue_36.gd:159)
       [1] _capture_pair (res://tools/capture_issue_36.gd:139)
SCRIPT ERROR: Cannot call method 'get_image' on a null value.
   at: _check_pixels (res://tools/capture_issue_36.gd:159)
   GDScript backtrace (most recent call first):
       [0] _check_pixels (res://tools/capture_issue_36.gd:159)
       [1] _capture_pair (res://tools/capture_issue_36.gd:139)
SCRIPT ERROR: Cannot call method 'get_image' on a null value.
   at: _check_pixels (res://tools/capture_issue_36.gd:159)
   GDScript backtrace (most recent call first):
       [0] _check_pixels (res://tools/capture_issue_36.gd:159)
       [1] _capture_pair (res://tools/capture_issue_36.gd:139)
SCRIPT ERROR: Cannot call method 'get_image' on a null value.
   at: _check_pixels (res://tools/capture_issue_36.gd:159)
   GDScript backtrace (most recent call first):
       [0] _check_pixels (res://tools/capture_issue_36.gd:159)
       [1] _capture_pair (res://tools/capture_issue_36.gd:139)
SCRIPT ERROR: Cannot call method 'get_image' on a null value.
   at: _check_pixels (res://tools/capture_issue_36.gd:159)
   GDScript backtrace (most recent call first):
       [0] _check_pixels (res://tools/capture_issue_36.gd:159)
       [1] _capture_pair (res://tools/capture_issue_36.gd:139)
SCRIPT ERROR: Cannot call method 'get_image' on a null value.
   at: _check_pixels (res://tools/capture_issue_36.gd:159)
   GDScript backtrace (most recent call first):
       [0] _check_pixels (res://tools/capture_issue_36.gd:159)
       [1] _capture_pair (res://tools/capture_issue_36.gd:139)
SCRIPT ERROR: Cannot call method 'get_image' on a null value.
   at: _check_pixels (res://tools/capture_issue_36.gd:159)
   GDScript backtrace (most recent call first):
       [0] _check_pixels (res://tools/capture_issue_36.gd:159)
       [1] _capture_pair (res://tools/capture_issue_36.gd:139)
SCRIPT ERROR: Cannot call method 'get_image' on a null value.
   at: _check_pixels (res://tools/capture_issue_36.gd:159)
   GDScript backtrace (most recent call first):
       [0] _check_pixels (res://tools/capture_issue_36.gd:159)
       [1] _capture_pair (res://tools/capture_issue_36.gd:139)
SCRIPT ERROR: Cannot call method 'get_image' on a null value.
   at: _check_pixels (res://tools/capture_issue_36.gd:159)
   GDScript backtrace (most recent call first):
       [0] _check_pixels (res://tools/capture_issue_36.gd:159)
       [1] _capture_pair (res://tools/capture_issue_36.gd:139)
SCRIPT ERROR: Cannot call method 'get_image' on a null value.
   at: _check_pixels (res://tools/capture_issue_36.gd:159)
   GDScript backtrace (most recent call first):
       [0] _check_pixels (res://tools/capture_issue_36.gd:159)
       [1] _capture_pair (res://tools/capture_issue_36.gd:139)
SCRIPT ERROR: Cannot call method 'get_image' on a null value.
   at: _check_pixels (res://tools/capture_issue_36.gd:159)
   GDScript backtrace (most recent call first):
       [0] _check_pixels (res://tools/capture_issue_36.gd:159)
       [1] _capture_pair (res://tools/capture_issue_36.gd:139)
SCRIPT ERROR: Cannot call method 'get_image' on a null value.
   at: _check_pixels (res://tools/capture_issue_36.gd:159)
   GDScript backtrace (most recent call first):
       [0] _check_pixels (res://tools/capture_issue_36.gd:159)
       [1] _capture_pair (res://tools/capture_issue_36.gd:139)
SCRIPT ERROR: Cannot call method 'get_image' on a null value.
   at: _check_pixels (res://tools/capture_issue_36.gd:159)
   GDScript backtrace (most recent call first):
       [0] _check_pixels (res://tools/capture_issue_36.gd:159)
       [1] _capture_pair (res://tools/capture_issue_36.gd:139)
SCRIPT ERROR: Cannot call method 'get_image' on a null value.
   at: _check_pixels (res://tools/capture_issue_36.gd:159)
   GDScript backtrace (most recent call first):
       [0] _check_pixels (res://tools/capture_issue_36.gd:159)
       [1] _capture_pair (res://tools/capture_issue_36.gd:139)
SCRIPT ERROR: Cannot call method 'get_image' on a null value.
   at: _check_pixels (res://tools/capture_issue_36.gd:159)
   GDScript backtrace (most recent call first):
       [0] _check_pixels (res://tools/capture_issue_36.gd:159)
       [1] _capture_pair (res://tools/capture_issue_36.gd:139)
SCRIPT ERROR: Cannot call method 'get_image' on a null value.
   at: _check_pixels (res://tools/capture_issue_36.gd:159)
   GDScript backtrace (most recent call first):
       [0] _check_pixels (res://tools/capture_issue_36.gd:159)
       [1] _capture_pair (res://tools/capture_issue_36.gd:139)
SCRIPT ERROR: Cannot call method 'get_image' on a null value.
   at: _check_pixels (res://tools/capture_issue_36.gd:159)
   GDScript backtrace (most recent call first):
       [0] _check_pixels (res://tools/capture_issue_36.gd:159)
       [1] _capture_pair (res://tools/capture_issue_36.gd:139)
SCRIPT ERROR: Cannot call method 'get_image' on a null value.
   at: _check_pixels (res://tools/capture_issue_36.gd:159)
   GDScript backtrace (most recent call first):
       [0] _check_pixels (res://tools/capture_issue_36.gd:159)
       [1] _capture_pair (res://tools/capture_issue_36.gd:139)
SCRIPT ERROR: Cannot call method 'get_image' on a null value.
   at: _check_pixels (res://tools/capture_issue_36.gd:159)
   GDScript backtrace (most recent call first):
       [0] _check_pixels (res://tools/capture_issue_36.gd:159)
       [1] _capture_pair (res://tools/capture_issue_36.gd:139)
SCRIPT ERROR: Cannot call method 'get_image' on a null value.
   at: _check_pixels (res://tools/capture_issue_36.gd:159)
   GDScript backtrace (most recent call first):
       [0] _check_pixels (res://tools/capture_issue_36.gd:159)
       [1] _capture_pair (res://tools/capture_issue_36.gd:139)
SCRIPT ERROR: Cannot call method 'get_image' on a null value.
   at: _check_pixels (res://tools/capture_issue_36.gd:159)
   GDScript backtrace (most recent call first):
       [0] _check_pixels (res://tools/capture_issue_36.gd:159)
       [1] _capture_pair (res://tools/capture_issue_36.gd:139)
SCRIPT ERROR: Cannot call method 'get_image' on a null value.
   at: _check_pixels (res://tools/capture_issue_36.gd:159)
   GDScript backtrace (most recent call first):
       [0] _check_pixels (res://tools/capture_issue_36.gd:159)
       [1] _capture_pair (res://tools/capture_issue_36.gd:139)
SCRIPT ERROR: Cannot call method 'get_image' on a null value.
   at: _check_pixels (res://tools/capture_issue_36.gd:159)
   GDScript backtrace (most recent call first):
       [0] _check_pixels (res://tools/capture_issue_36.gd:159)
       [1] _capture_pair (res://tools/capture_issue_36.gd:139)
SCRIPT ERROR: Cannot call method 'get_image' on a null value.
   at: _check_pixels (res://tools/capture_issue_36.gd:159)
   GDScript backtrace (most recent call first):
       [0] _check_pixels (res://tools/capture_issue_36.gd:159)
       [1] _capture_pair (res://tools/capture_issue_36.gd:139)
SCRIPT ERROR: Cannot call method 'get_image' on a null value.
   at: _check_pixels (res://tools/capture_issue_36.gd:159)
   GDScript backtrace (most recent call first):
       [0] _check_pixels (res://tools/capture_issue_36.gd:159)
       [1] _capture_pair (res://tools/capture_issue_36.gd:139)
SCRIPT ERROR: Cannot call method 'get_image' on a null value.
   at: _check_pixels (res://tools/capture_issue_36.gd:159)
   GDScript backtrace (most recent call first):
       [0] _check_pixels (res://tools/capture_issue_36.gd:159)
       [1] _capture_pair (res://tools/capture_issue_36.gd:139)
SCRIPT ERROR: Cannot call method 'get_image' on a null value.
   at: _check_pixels (res://tools/capture_issue_36.gd:159)
   GDScript backtrace (most recent call first):
       [0] _check_pixels (res://tools/capture_issue_36.gd:159)
       [1] _capture_pair (res://tools/capture_issue_36.gd:139)
SCRIPT ERROR: Cannot call method 'get_image' on a null value.
   at: _check_pixels (res://tools/capture_issue_36.gd:159)
   GDScript backtrace (most recent call first):
       [0] _check_pixels (res://tools/capture_issue_36.gd:159)
       [1] _capture_pair (res://tools/capture_issue_36.gd:139)
SCRIPT ERROR: Cannot call method 'get_image' on a null value.
   at: _check_pixels (res://tools/capture_issue_36.gd:159)
   GDScript backtrace (most recent call first):
       [0] _check_pixels (res://tools/capture_issue_36.gd:159)
       [1] _capture_pair (res://tools/capture_issue_36.gd:139)
SCRIPT ERROR: Cannot call method 'get_image' on a null value.
   at: _check_pixels (res://tools/capture_issue_36.gd:159)
   GDScript backtrace (most recent call first):
       [0] _check_pixels (res://tools/capture_issue_36.gd:159)
       [1] _capture_pair (res://tools/capture_issue_36.gd:139)
SCRIPT ERROR: Cannot call method 'get_image' on a null value.
   at: _check_pixels (res://tools/capture_issue_36.gd:159)
   GDScript backtrace (most recent call first):
       [0] _check_pixels (res://tools/capture_issue_36.gd:159)
       [1] _capture_pair (res://tools/capture_issue_36.gd:139)
SCRIPT ERROR: Cannot call method 'get_image' on a null value.
   at: _check_pixels (res://tools/capture_issue_36.gd:159)
   GDScript backtrace (most recent call first):
       [0] _check_pixels (res://tools/capture_issue_36.gd:159)
       [1] _capture_pair (res://tools/capture_issue_36.gd:139)
SCRIPT ERROR: Cannot call method 'get_image' on a null value.
   at: _check_pixels (res://tools/capture_issue_36.gd:159)
   GDScript backtrace (most recent call first):
       [0] _check_pixels (res://tools/capture_issue_36.gd:159)
       [1] _capture_pair (res://tools/capture_issue_36.gd:139)
SCRIPT ERROR: Cannot call method 'get_image' on a null value.
   at: _check_pixels (res://tools/capture_issue_36.gd:159)
   GDScript backtrace (most recent call first):
       [0] _check_pixels (res://tools/capture_issue_36.gd:159)
       [1] _capture_pair (res://tools/capture_issue_36.gd:139)
SCRIPT ERROR: Cannot call method 'get_image' on a null value.
   at: _check_pixels (res://tools/capture_issue_36.gd:159)
   GDScript backtrace (most recent call first):
       [0] _check_pixels (res://tools/capture_issue_36.gd:159)
       [1] _capture_pair (res://tools/capture_issue_36.gd:139)
SCRIPT ERROR: Cannot call method 'get_image' on a null value.
   at: _check_pixels (res://tools/capture_issue_36.gd:159)
   GDScript backtrace (most recent call first):
       [0] _check_pixels (res://tools/capture_issue_36.gd:159)
       [1] _capture_pair (res://tools/capture_issue_36.gd:139)
SCRIPT ERROR: Cannot call method 'get_image' on a null value.
   at: _check_pixels (res://tools/capture_issue_36.gd:159)
   GDScript backtrace (most recent call first):
       [0] _check_pixels (res://tools/capture_issue_36.gd:159)
       [1] _capture_pair (res://tools/capture_issue_36.gd:139)
SCRIPT ERROR: Cannot call method 'get_image' on a null value.
   at: _check_pixels (res://tools/capture_issue_36.gd:159)
   GDScript backtrace (most recent call first):
       [0] _check_pixels (res://tools/capture_issue_36.gd:159)
       [1] _capture_pair (res://tools/capture_issue_36.gd:139)
SCRIPT ERROR: Cannot call method 'get_image' on a null value.
   at: _check_pixels (res://tools/capture_issue_36.gd:159)
   GDScript backtrace (most recent call first):
       [0] _check_pixels (res://tools/capture_issue_36.gd:159)
       [1] _capture_pair (res://tools/capture_issue_36.gd:139)
SCRIPT ERROR: Cannot call method 'get_image' on a null value.
   at: _check_pixels (res://tools/capture_issue_36.gd:159)
   GDScript backtrace (most recent call first):
       [0] _check_pixels (res://tools/capture_issue_36.gd:159)
       [1] _capture_pair (res://tools/capture_issue_36.gd:139)
SCRIPT ERROR: Cannot call method 'get_image' on a null value.
   at: _check_pixels (res://tools/capture_issue_36.gd:159)
   GDScript backtrace (most recent call first):
       [0] _check_pixels (res://tools/capture_issue_36.gd:159)
       [1] _capture_pair (res://tools/capture_issue_36.gd:139)
SCRIPT ERROR: Cannot call method 'get_image' on a null value.
   at: _check_pixels (res://tools/capture_issue_36.gd:159)
   GDScript backtrace (most recent call first):
       [0] _check_pixels (res://tools/capture_issue_36.gd:159)
       [1] _capture_pair (res://tools/capture_issue_36.gd:139)
SCRIPT ERROR: Cannot call method 'get_image' on a null value.
   at: _check_pixels (res://tools/capture_issue_36.gd:159)
   GDScript backtrace (most recent call first):
       [0] _check_pixels (res://tools/capture_issue_36.gd:159)
       [1] _capture_pair (res://tools/capture_issue_36.gd:139)
SCRIPT ERROR: Cannot call method 'get_image' on a null value.
   at: _check_pixels (res://tools/capture_issue_36.gd:159)
   GDScript backtrace (most recent call first):
       [0] _check_pixels (res://tools/capture_issue_36.gd:159)
       [1] _capture_pair (res://tools/capture_issue_36.gd:139)
SCRIPT ERROR: Cannot call method 'get_image' on a null value.
   at: _check_pixels (res://tools/capture_issue_36.gd:159)
   GDScript backtrace (most recent call first):
       [0] _check_pixels (res://tools/capture_issue_36.gd:159)
       [1] _capture_pair (res://tools/capture_issue_36.gd:139)
SCRIPT ERROR: Cannot call method 'get_image' on a null value.
   at: _check_pixels (res://tools/capture_issue_36.gd:159)
   GDScript backtrace (most recent call first):
       [0] _check_pixels (res://tools/capture_issue_36.gd:159)
       [1] _capture_pair (res://tools/capture_issue_36.gd:139)
SCRIPT ERROR: Cannot call method 'get_image' on a null value.
   at: _check_pixels (res://tools/capture_issue_36.gd:159)
   GDScript backtrace (most recent call first):
       [0] _check_pixels (res://tools/capture_issue_36.gd:159)
       [1] _capture_pair (res://tools/capture_issue_36.gd:139)
SCRIPT ERROR: Cannot call method 'get_image' on a null value.
   at: _check_pixels (res://tools/capture_issue_36.gd:159)
   GDScript backtrace (most recent call first):
       [0] _check_pixels (res://tools/capture_issue_36.gd:159)
       [1] _capture_pair (res://tools/capture_issue_36.gd:139)
SCRIPT ERROR: Cannot call method 'get_image' on a null value.
   at: _check_pixels (res://tools/capture_issue_36.gd:159)
   GDScript backtrace (most recent call first):
       [0] _check_pixels (res://tools/capture_issue_36.gd:159)
       [1] _capture_pair (res://tools/capture_issue_36.gd:139)
SCRIPT ERROR: Cannot call method 'get_image' on a null value.
   at: _check_pixels (res://tools/capture_issue_36.gd:159)
   GDScript backtrace (most recent call first):
       [0] _check_pixels (res://tools/capture_issue_36.gd:159)
       [1] _capture_pair (res://tools/capture_issue_36.gd:139)
SCRIPT ERROR: Cannot call method 'get_image' on a null value.
   at: _check_pixels (res://tools/capture_issue_36.gd:159)
   GDScript backtrace (most recent call first):
       [0] _check_pixels (res://tools/capture_issue_36.gd:159)
       [1] _capture_pair (res://tools/capture_issue_36.gd:139)
SCRIPT ERROR: Cannot call method 'get_image' on a null value.
   at: _check_pixels (res://tools/capture_issue_36.gd:159)
   GDScript backtrace (most recent call first):
       [0] _check_pixels (res://tools/capture_issue_36.gd:159)
       [1] _capture_pair (res://tools/capture_issue_36.gd:139)
SCRIPT ERROR: Cannot call method 'get_image' on a null value.
   at: _check_pixels (res://tools/capture_issue_36.gd:159)
   GDScript backtrace (most recent call first):
       [0] _check_pixels (res://tools/capture_issue_36.gd:159)
       [1] _capture_pair (res://tools/capture_issue_36.gd:139)
SCRIPT ERROR: Cannot call method 'get_image' on a null value.
   at: _check_pixels (res://tools/capture_issue_36.gd:159)
   GDScript backtrace (most recent call first):
       [0] _check_pixels (res://tools/capture_issue_36.gd:159)
       [1] _capture_pair (res://tools/capture_issue_36.gd:139)
SCRIPT ERROR: Cannot call method 'get_image' on a null value.
   at: _check_pixels (res://tools/capture_issue_36.gd:159)
   GDScript backtrace (most recent call first):
       [0] _check_pixels (res://tools/capture_issue_36.gd:159)
       [1] _capture_pair (res://tools/capture_issue_36.gd:139)
SCRIPT ERROR: Cannot call method 'get_image' on a null value.
   at: _check_pixels (res://tools/capture_issue_36.gd:159)
   GDScript backtrace (most recent call first):
       [0] _check_pixels (res://tools/capture_issue_36.gd:159)
       [1] _capture_pair (res://tools/capture_issue_36.gd:139)
SCRIPT ERROR: Cannot call method 'get_image' on a null value.
   at: _check_pixels (res://tools/capture_issue_36.gd:159)
   GDScript backtrace (most recent call first):
       [0] _check_pixels (res://tools/capture_issue_36.gd:159)
       [1] _capture_pair (res://tools/capture_issue_36.gd:139)
SCRIPT ERROR: Cannot call method 'get_image' on a null value.
   at: _check_pixels (res://tools/capture_issue_36.gd:159)
   GDScript backtrace (most recent call first):
       [0] _check_pixels (res://tools/capture_issue_36.gd:159)
       [1] _capture_pair (res://tools/capture_issue_36.gd:139)
SCRIPT ERROR: Cannot call method 'get_image' on a null value.
   at: _check_pixels (res://tools/capture_issue_36.gd:159)
   GDScript backtrace (most recent call first):
       [0] _check_pixels (res://tools/capture_issue_36.gd:159)
       [1] _capture_pair (res://tools/capture_issue_36.gd:139)
SCRIPT ERROR: Cannot call method 'get_image' on a null value.
   at: _check_pixels (res://tools/capture_issue_36.gd:159)
   GDScript backtrace (most recent call first):
       [0] _check_pixels (res://tools/capture_issue_36.gd:159)
       [1] _capture_pair (res://tools/capture_issue_36.gd:139)
SCRIPT ERROR: Cannot call method 'get_image' on a null value.
   at: _check_pixels (res://tools/capture_issue_36.gd:159)
   GDScript backtrace (most recent call first):
       [0] _check_pixels (res://tools/capture_issue_36.gd:159)
       [1] _capture_pair (res://tools/capture_issue_36.gd:139)
SCRIPT ERROR: Cannot call method 'get_image' on a null value.
   at: _check_pixels (res://tools/capture_issue_36.gd:159)
   GDScript backtrace (most recent call first):
       [0] _check_pixels (res://tools/capture_issue_36.gd:159)
       [1] _capture_pair (res://tools/capture_issue_36.gd:139)
SCRIPT ERROR: Cannot call method 'get_image' on a null value.
   at: _check_pixels (res://tools/capture_issue_36.gd:159)
   GDScript backtrace (most recent call first):
       [0] _check_pixels (res://tools/capture_issue_36.gd:159)
       [1] _capture_pair (res://tools/capture_issue_36.gd:139)
SCRIPT ERROR: Cannot call method 'get_image' on a null value.
   at: _check_pixels (res://tools/capture_issue_36.gd:159)
   GDScript backtrace (most recent call first):
       [0] _check_pixels (res://tools/capture_issue_36.gd:159)
       [1] _capture_pair (res://tools/capture_issue_36.gd:139)
SCRIPT ERROR: Cannot call method 'get_image' on a null value.
   at: _check_pixels (res://tools/capture_issue_36.gd:159)
   GDScript backtrace (most recent call first):
       [0] _check_pixels (res://tools/capture_issue_36.gd:159)
       [1] _capture_pair (res://tools/capture_issue_36.gd:139)
SCRIPT ERROR: Cannot call method 'get_image' on a null value.
   at: _check_pixels (res://tools/capture_issue_36.gd:159)
   GDScript backtrace (most recent call first):
       [0] _check_pixels (res://tools/capture_issue_36.gd:159)
       [1] _capture_pair (res://tools/capture_issue_36.gd:139)
SCRIPT ERROR: Cannot call method 'get_image' on a null value.
   at: _check_pixels (res://tools/capture_issue_36.gd:159)
   GDScript backtrace (most recent call first):
       [0] _check_pixels (res://tools/capture_issue_36.gd:159)
       [1] _capture_pair (res://tools/capture_issue_36.gd:139)
SCRIPT ERROR: Cannot call method 'get_image' on a null value.
   at: _check_pixels (res://tools/capture_issue_36.gd:159)
   GDScript backtrace (most recent call first):
       [0] _check_pixels (res://tools/capture_issue_36.gd:159)
       [1] _capture_pair (res://tools/capture_issue_36.gd:139)
SCRIPT ERROR: Cannot call method 'get_image' on a null value.
   at: _check_pixels (res://tools/capture_issue_36.gd:159)
   GDScript backtrace (most recent call first):
       [0] _check_pixels (res://tools/capture_issue_36.gd:159)
       [1] _capture_pair (res://tools/capture_issue_36.gd:139)
SCRIPT ERROR: Cannot call method 'get_image' on a null value.
   at: _check_pixels (res://tools/capture_issue_36.gd:159)
   GDScript backtrace (most recent call first):
       [0] _check_pixels (res://tools/capture_issue_36.gd:159)
       [1] _capture_pair (res://tools/capture_issue_36.gd:139)
SCRIPT ERROR: Cannot call method 'get_image' on a null value.
   at: _check_pixels (res://tools/capture_issue_36.gd:159)
   GDScript backtrace (most recent call first):
       [0] _check_pixels (res://tools/capture_issue_36.gd:159)
       [1] _capture_pair (res://tools/capture_issue_36.gd:139)
SCRIPT ERROR: Cannot call method 'get_image' on a null value.
   at: _check_pixels (res://tools/capture_issue_36.gd:159)
   GDScript backtrace (most recent call first):
       [0] _check_pixels (res://tools/capture_issue_36.gd:159)
       [1] _capture_pair (res://tools/capture_issue_36.gd:139)
SCRIPT ERROR: Cannot call method 'get_image' on a null value.
   at: _check_pixels (res://tools/capture_issue_36.gd:159)
   GDScript backtrace (most recent call first):
       [0] _check_pixels (res://tools/capture_issue_36.gd:159)
       [1] _capture_pair (res://tools/capture_issue_36.gd:139)
SCRIPT ERROR: Cannot call method 'get_image' on a null value.
   at: _check_pixels (res://tools/capture_issue_36.gd:159)
   GDScript backtrace (most recent call first):
       [0] _check_pixels (res://tools/capture_issue_36.gd:159)
       [1] _capture_pair (res://tools/capture_issue_36.gd:139)
SCRIPT ERROR: Cannot call method 'get_image' on a null value.
   at: _check_pixels (res://tools/capture_issue_36.gd:159)
   GDScript backtrace (most recent call first):
       [0] _check_pixels (res://tools/capture_issue_36.gd:159)
       [1] _capture_pair (res://tools/capture_issue_36.gd:139)
SCRIPT ERROR: Cannot call method 'get_image' on a null value.
   at: _check_pixels (res://tools/capture_issue_36.gd:159)
   GDScript backtrace (most recent call first):
       [0] _check_pixels (res://tools/capture_issue_36.gd:159)
       [1] _capture_pair (res://tools/capture_issue_36.gd:139)
SCRIPT ERROR: Cannot call method 'get_image' on a null value.
   at: _check_pixels (res://tools/capture_issue_36.gd:159)
   GDScript backtrace (most recent call first):
       [0] _check_pixels (res://tools/capture_issue_36.gd:159)
       [1] _capture_pair (res://tools/capture_issue_36.gd:139)
SCRIPT ERROR: Cannot call method 'get_image' on a null value.
   at: _check_pixels (res://tools/capture_issue_36.gd:159)
   GDScript backtrace (most recent call first):
       [0] _check_pixels (res://tools/capture_issue_36.gd:159)
       [1] _capture_pair (res://tools/capture_issue_36.gd:139)
SCRIPT ERROR: Cannot call method 'get_image' on a null value.
   at: _check_pixels (res://tools/capture_issue_36.gd:159)
   GDScript backtrace (most recent call first):
       [0] _check_pixels (res://tools/capture_issue_36.gd:159)
       [1] _capture_pair (res://tools/capture_issue_36.gd:139)
SCRIPT ERROR: Cannot call method 'get_image' on a null value.
   at: _check_pixels (res://tools/capture_issue_36.gd:159)
   GDScript backtrace (most recent call first):
       [0] _check_pixels (res://tools/capture_issue_36.gd:159)
       [1] _capture_pair (res://tools/capture_issue_36.gd:139)
SCRIPT ERROR: Cannot call method 'get_image' on a null value.
   at: _check_pixels (res://tools/capture_issue_36.gd:159)
   GDScript backtrace (most recent call first):
       [0] _check_pixels (res://tools/capture_issue_36.gd:159)
       [1] _capture_pair (res://tools/capture_issue_36.gd:139)
SCRIPT ERROR: Cannot call method 'get_image' on a null value.
   at: _check_pixels (res://tools/capture_issue_36.gd:159)
   GDScript backtrace (most recent call first):
       [0] _check_pixels (res://tools/capture_issue_36.gd:159)
       [1] _capture_pair (res://tools/capture_issue_36.gd:139)
SCRIPT ERROR: Cannot call method 'get_image' on a null value.
   at: _check_pixels (res://tools/capture_issue_36.gd:159)
   GDScript backtrace (most recent call first):
       [0] _check_pixels (res://tools/capture_issue_36.gd:159)
       [1] _capture_pair (res://tools/capture_issue_36.gd:139)
SCRIPT ERROR: Cannot call method 'get_image' on a null value.
   at: _check_pixels (res://tools/capture_issue_36.gd:159)
   GDScript backtrace (most recent call first):
       [0] _check_pixels (res://tools/capture_issue_36.gd:159)
       [1] _capture_pair (res://tools/capture_issue_36.gd:139)
SCRIPT ERROR: Cannot call method 'get_image' on a null value.
   at: _check_pixels (res://tools/capture_issue_36.gd:159)
   GDScript backtrace (most recent call first):
       [0] _check_pixels (res://tools/capture_issue_36.gd:159)
       [1] _capture_pair (res://tools/capture_issue_36.gd:139)
SCRIPT ERROR: Cannot call method 'get_image' on a null value.
   at: _check_pixels (res://tools/capture_issue_36.gd:159)
   GDScript backtrace (most recent call first):
       [0] _check_pixels (res://tools/capture_issue_36.gd:159)
       [1] _capture_pair (res://tools/capture_issue_36.gd:139)
SCRIPT ERROR: Cannot call method 'get_image' on a null value.
   at: _check_pixels (res://tools/capture_issue_36.gd:159)
   GDScript backtrace (most recent call first):
       [0] _check_pixels (res://tools/capture_issue_36.gd:159)
       [1] _capture_pair (res://tools/capture_issue_36.gd:139)
SCRIPT ERROR: Cannot call method 'get_image' on a null value.
   at: _check_pixels (res://tools/capture_issue_36.gd:159)
   GDScript backtrace (most recent call first):
       [0] _check_pixels (res://tools/capture_issue_36.gd:159)
       [1] _capture_pair (res://tools/capture_issue_36.gd:139)
SCRIPT ERROR: Cannot call method 'get_image' on a null value.
   at: _check_pixels (res://tools/capture_issue_36.gd:159)
   GDScript backtrace (most recent call first):
       [0] _check_pixels (res://tools/capture_issue_36.gd:159)
       [1] _capture_pair (res://tools/capture_issue_36.gd:139)
SCRIPT ERROR: Cannot call method 'get_image' on a null value.
   at: _check_pixels (res://tools/capture_issue_36.gd:159)
   GDScript backtrace (most recent call first):
       [0] _check_pixels (res://tools/capture_issue_36.gd:159)
       [1] _capture_pair (res://tools/capture_issue_36.gd:139)
SCRIPT ERROR: Cannot call method 'get_image' on a null value.
   at: _check_pixels (res://tools/capture_issue_36.gd:159)
   GDScript backtrace (most recent call first):
       [0] _check_pixels (res://tools/capture_issue_36.gd:159)
       [1] _capture_pair (res://tools/capture_issue_36.gd:139)
SCRIPT ERROR: Cannot call method 'get_image' on a null value.
   at: _check_pixels (res://tools/capture_issue_36.gd:159)
   GDScript backtrace (most recent call first):
       [0] _check_pixels (res://tools/capture_issue_36.gd:159)
       [1] _capture_pair (res://tools/capture_issue_36.gd:139)
SCRIPT ERROR: Cannot call method 'get_image' on a null value.
   at: _check_pixels (res://tools/capture_issue_36.gd:159)
   GDScript backtrace (most recent call first):
       [0] _check_pixels (res://tools/capture_issue_36.gd:159)
       [1] _capture_pair (res://tools/capture_issue_36.gd:139)
SCRIPT ERROR: Cannot call method 'get_image' on a null value.
   at: _check_pixels (res://tools/capture_issue_36.gd:159)
   GDScript backtrace (most recent call first):
       [0] _check_pixels (res://tools/capture_issue_36.gd:159)
       [1] _capture_pair (res://tools/capture_issue_36.gd:139)
SCRIPT ERROR: Cannot call method 'get_image' on a null value.
   at: _check_pixels (res://tools/capture_issue_36.gd:159)
   GDScript backtrace (most recent call first):
       [0] _check_pixels (res://tools/capture_issue_36.gd:159)
       [1] _capture_pair (res://tools/capture_issue_36.gd:139)
SCRIPT ERROR: Cannot call method 'get_image' on a null value.
   at: _check_pixels (res://tools/capture_issue_36.gd:159)
   GDScript backtrace (most recent call first):
       [0] _check_pixels (res://tools/capture_issue_36.gd:159)
       [1] _capture_pair (res://tools/capture_issue_36.gd:139)
SCRIPT ERROR: Cannot call method 'get_image' on a null value.
   at: _check_pixels (res://tools/capture_issue_36.gd:159)
   GDScript backtrace (most recent call first):
       [0] _check_pixels (res://tools/capture_issue_36.gd:159)
       [1] _capture_pair (res://tools/capture_issue_36.gd:139)
SCRIPT ERROR: Cannot call method 'get_image' on a null value.
   at: _check_pixels (res://tools/capture_issue_36.gd:159)
   GDScript backtrace (most recent call first):
       [0] _check_pixels (res://tools/capture_issue_36.gd:159)
       [1] _capture_pair (res://tools/capture_issue_36.gd:139)
SCRIPT ERROR: Cannot call method 'get_image' on a null value.
   at: _check_pixels (res://tools/capture_issue_36.gd:159)
   GDScript backtrace (most recent call first):
       [0] _check_pixels (res://tools/capture_issue_36.gd:159)
       [1] _capture_pair (res://tools/capture_issue_36.gd:139)
SCRIPT ERROR: Cannot call method 'get_image' on a null value.
   at: _check_pixels (res://tools/capture_issue_36.gd:159)
   GDScript backtrace (most recent call first):
       [0] _check_pixels (res://tools/capture_issue_36.gd:159)
       [1] _capture_pair (res://tools/capture_issue_36.gd:139)
SCRIPT ERROR: Cannot call method 'get_image' on a null value.
   at: _check_pixels (res://tools/capture_issue_36.gd:159)
   GDScript backtrace (most recent call first):
       [0] _check_pixels (res://tools/capture_issue_36.gd:159)
       [1] _capture_pair (res://tools/capture_issue_36.gd:139)
SCRIPT ERROR: Cannot call method 'get_image' on a null value.
   at: _check_pixels (res://tools/capture_issue_36.gd:159)
   GDScript backtrace (most recent call first):
       [0] _check_pixels (res://tools/capture_issue_36.gd:159)
       [1] _capture_pair (res://tools/capture_issue_36.gd:139)
SCRIPT ERROR: Cannot call method 'get_image' on a null value.
   at: _check_pixels (res://tools/capture_issue_36.gd:159)
   GDScript backtrace (most recent call first):
       [0] _check_pixels (res://tools/capture_issue_36.gd:159)
       [1] _capture_pair (res://tools/capture_issue_36.gd:139)
SCRIPT ERROR: Cannot call method 'get_image' on a null value.
   at: _check_pixels (res://tools/capture_issue_36.gd:159)
   GDScript backtrace (most recent call first):
       [0] _check_pixels (res://tools/capture_issue_36.gd:159)
       [1] _capture_pair (res://tools/capture_issue_36.gd:139)
SCRIPT ERROR: Cannot call method 'get_image' on a null value.
   at: _check_pixels (res://tools/capture_issue_36.gd:159)
   GDScript backtrace (most recent call first):
       [0] _check_pixels (res://tools/capture_issue_36.gd:159)
       [1] _capture_pair (res://tools/capture_issue_36.gd:139)
SCRIPT ERROR: Cannot call method 'get_image' on a null value.
   at: _check_pixels (res://tools/capture_issue_36.gd:159)
   GDScript backtrace (most recent call first):
       [0] _check_pixels (res://tools/capture_issue_36.gd:159)
       [1] _capture_pair (res://tools/capture_issue_36.gd:139)
SCRIPT ERROR: Cannot call method 'get_image' on a null value.
   at: _check_pixels (res://tools/capture_issue_36.gd:159)
   GDScript backtrace (most recent call first):
       [0] _check_pixels (res://tools/capture_issue_36.gd:159)
       [1] _capture_pair (res://tools/capture_issue_36.gd:139)
SCRIPT ERROR: Cannot call method 'get_image' on a null value.
   at: _check_pixels (res://tools/capture_issue_36.gd:159)
   GDScript backtrace (most recent call first):
       [0] _check_pixels (res://tools/capture_issue_36.gd:159)
       [1] _capture_pair (res://tools/capture_issue_36.gd:139)
SCRIPT ERROR: Cannot call method 'get_image' on a null value.
   at: _check_pixels (res://tools/capture_issue_36.gd:159)
   GDScript backtrace (most recent call first):
       [0] _check_pixels (res://tools/capture_issue_36.gd:159)
       [1] _capture_pair (res://tools/capture_issue_36.gd:139)
SCRIPT ERROR: Cannot call method 'get_image' on a null value.
   at: _check_pixels (res://tools/capture_issue_36.gd:159)
   GDScript backtrace (most recent call first):
       [0] _check_pixels (res://tools/capture_issue_36.gd:159)
       [1] _capture_pair (res://tools/capture_issue_36.gd:139)
SCRIPT ERROR: Cannot call method 'get_image' on a null value.
   at: _check_pixels (res://tools/capture_issue_36.gd:159)
   GDScript backtrace (most recent call first):
       [0] _check_pixels (res://tools/capture_issue_36.gd:159)
       [1] _capture_pair (res://tools/capture_issue_36.gd:139)
SCRIPT ERROR: Cannot call method 'get_image' on a null value.
   at: _check_pixels (res://tools/capture_issue_36.gd:159)
   GDScript backtrace (most recent call first):
       [0] _check_pixels (res://tools/capture_issue_36.gd:159)
       [1] _capture_pair (res://tools/capture_issue_36.gd:139)
SCRIPT ERROR: Cannot call method 'get_image' on a null value.
   at: _check_pixels (res://tools/capture_issue_36.gd:159)
   GDScript backtrace (most recent call first):
       [0] _check_pixels (res://tools/capture_issue_36.gd:159)
       [1] _capture_pair (res://tools/capture_issue_36.gd:139)
SCRIPT ERROR: Cannot call method 'get_image' on a null value.
   at: _check_pixels (res://tools/capture_issue_36.gd:159)
   GDScript backtrace (most recent call first):
       [0] _check_pixels (res://tools/capture_issue_36.gd:159)
       [1] _capture_pair (res://tools/capture_issue_36.gd:139)
SCRIPT ERROR: Cannot call method 'get_image' on a null value.
   at: _check_pixels (res://tools/capture_issue_36.gd:159)
   GDScript backtrace (most recent call first):
       [0] _check_pixels (res://tools/capture_issue_36.gd:159)
       [1] _capture_pair (res://tools/capture_issue_36.gd:139)
SCRIPT ERROR: Cannot call method 'get_image' on a null value.
   at: _check_pixels (res://tools/capture_issue_36.gd:159)
   GDScript backtrace (most recent call first):
       [0] _check_pixels (res://tools/capture_issue_36.gd:159)
       [1] _capture_pair (res://tools/capture_issue_36.gd:139)
SCRIPT ERROR: Cannot call method 'get_image' on a null value.
   at: _check_pixels (res://tools/capture_issue_36.gd:159)
   GDScript backtrace (most recent call first):
       [0] _check_pixels (res://tools/capture_issue_36.gd:159)
       [1] _capture_pair (res://tools/capture_issue_36.gd:139)
SCRIPT ERROR: Cannot call method 'get_image' on a null value.
   at: _check_pixels (res://tools/capture_issue_36.gd:159)
   GDScript backtrace (most recent call first):
       [0] _check_pixels (res://tools/capture_issue_36.gd:159)
       [1] _capture_pair (res://tools/capture_issue_36.gd:139)
SCRIPT ERROR: Cannot call method 'get_image' on a null value.
   at: _check_pixels (res://tools/capture_issue_36.gd:159)
   GDScript backtrace (most recent call first):
       [0] _check_pixels (res://tools/capture_issue_36.gd:159)
       [1] _capture_pair (res://tools/capture_issue_36.gd:139)
SCRIPT ERROR: Cannot call method 'get_image' on a null value.
   at: _check_pixels (res://tools/capture_issue_36.gd:159)
   GDScript backtrace (most recent call first):
       [0] _check_pixels (res://tools/capture_issue_36.gd:159)
       [1] _capture_pair (res://tools/capture_issue_36.gd:139)
SCRIPT ERROR: Cannot call method 'get_image' on a null value.
   at: _check_pixels (res://tools/capture_issue_36.gd:159)
   GDScript backtrace (most recent call first):
       [0] _check_pixels (res://tools/capture_issue_36.gd:159)
       [1] _capture_pair (res://tools/capture_issue_36.gd:139)
SCRIPT ERROR: Cannot call method 'get_image' on a null value.
   at: _check_pixels (res://tools/capture_issue_36.gd:159)
   GDScript backtrace (most recent call first):
       [0] _check_pixels (res://tools/capture_issue_36.gd:159)
       [1] _capture_pair (res://tools/capture_issue_36.gd:139)
SCRIPT ERROR: Cannot call method 'get_image' on a null value.
   at: _check_pixels (res://tools/capture_issue_36.gd:159)
   GDScript backtrace (most recent call first):
       [0] _check_pixels (res://tools/capture_issue_36.gd:159)
       [1] _capture_pair (res://tools/capture_issue_36.gd:139)
SCRIPT ERROR: Cannot call method 'get_image' on a null value.
   at: _check_pixels (res://tools/capture_issue_36.gd:159)
   GDScript backtrace (most recent call first):
       [0] _check_pixels (res://tools/capture_issue_36.gd:159)
       [1] _capture_pair (res://tools/capture_issue_36.gd:139)
SCRIPT ERROR: Cannot call method 'get_image' on a null value.
   at: _check_pixels (res://tools/capture_issue_36.gd:159)
   GDScript backtrace (most recent call first):
       [0] _check_pixels (res://tools/capture_issue_36.gd:159)
       [1] _capture_pair (res://tools/capture_issue_36.gd:139)
SCRIPT ERROR: Cannot call method 'get_image' on a null value.
   at: _check_pixels (res://tools/capture_issue_36.gd:159)
   GDScript backtrace (most recent call first):
       [0] _check_pixels (res://tools/capture_issue_36.gd:159)
       [1] _capture_pair (res://tools/capture_issue_36.gd:139)
SCRIPT ERROR: Cannot call method 'get_image' on a null value.
   at: _check_pixels (res://tools/capture_issue_36.gd:159)
   GDScript backtrace (most recent call first):
       [0] _check_pixels (res://tools/capture_issue_36.gd:159)
       [1] _capture_pair (res://tools/capture_issue_36.gd:139)
SCRIPT ERROR: Cannot call method 'get_image' on a null value.
   at: _check_pixels (res://tools/capture_issue_36.gd:159)
   GDScript backtrace (most recent call first):
       [0] _check_pixels (res://tools/capture_issue_36.gd:159)
       [1] _capture_pair (res://tools/capture_issue_36.gd:139)
SCRIPT ERROR: Cannot call method 'get_image' on a null value.
   at: _check_pixels (res://tools/capture_issue_36.gd:159)
   GDScript backtrace (most recent call first):
       [0] _check_pixels (res://tools/capture_issue_36.gd:159)
       [1] _capture_pair (res://tools/capture_issue_36.gd:139)
SCRIPT ERROR: Cannot call method 'get_image' on a null value.
   at: _check_pixels (res://tools/capture_issue_36.gd:159)
   GDScript backtrace (most recent call first):
       [0] _check_pixels (res://tools/capture_issue_36.gd:159)
       [1] _capture_pair (res://tools/capture_issue_36.gd:139)
SCRIPT ERROR: Cannot call method 'get_image' on a null value.
   at: _check_pixels (res://tools/capture_issue_36.gd:159)
   GDScript backtrace (most recent call first):
       [0] _check_pixels (res://tools/capture_issue_36.gd:159)
       [1] _capture_pair (res://tools/capture_issue_36.gd:139)
SCRIPT ERROR: Cannot call method 'get_image' on a null value.
   at: _check_pixels (res://tools/capture_issue_36.gd:159)
   GDScript backtrace (most recent call first):
       [0] _check_pixels (res://tools/capture_issue_36.gd:159)
       [1] _capture_pair (res://tools/capture_issue_36.gd:139)
SCRIPT ERROR: Cannot call method 'get_image' on a null value.
   at: _check_pixels (res://tools/capture_issue_36.gd:159)
   GDScript backtrace (most recent call first):
       [0] _check_pixels (res://tools/capture_issue_36.gd:159)
       [1] _capture_pair (res://tools/capture_issue_36.gd:139)
SCRIPT ERROR: Cannot call method 'get_image' on a null value.
   at: _check_pixels (res://tools/capture_issue_36.gd:159)
   GDScript backtrace (most recent call first):
       [0] _check_pixels (res://tools/capture_issue_36.gd:159)
       [1] _capture_pair (res://tools/capture_issue_36.gd:139)
SCRIPT ERROR: Cannot call method 'get_image' on a null value.
   at: _check_pixels (res://tools/capture_issue_36.gd:159)
   GDScript backtrace (most recent call first):
       [0] _check_pixels (res://tools/capture_issue_36.gd:159)
       [1] _capture_pair (res://tools/capture_issue_36.gd:139)
SCRIPT ERROR: Cannot call method 'get_image' on a null value.
   at: _check_pixels (res://tools/capture_issue_36.gd:159)
   GDScript backtrace (most recent call first):
       [0] _check_pixels (res://tools/capture_issue_36.gd:159)
       [1] _capture_pair (res://tools/capture_issue_36.gd:139)
SCRIPT ERROR: Cannot call method 'get_image' on a null value.
   at: _check_pixels (res://tools/capture_issue_36.gd:159)
   GDScript backtrace (most recent call first):
       [0] _check_pixels (res://tools/capture_issue_36.gd:159)
       [1] _capture_pair (res://tools/capture_issue_36.gd:139)
SCRIPT ERROR: Cannot call method 'get_image' on a null value.
   at: _check_pixels (res://tools/capture_issue_36.gd:159)
   GDScript backtrace (most recent call first):
       [0] _check_pixels (res://tools/capture_issue_36.gd:159)
       [1] _capture_pair (res://tools/capture_issue_36.gd:139)
SCRIPT ERROR: Cannot call method 'get_image' on a null value.
   at: _check_pixels (res://tools/capture_issue_36.gd:159)
   GDScript backtrace (most recent call first):
       [0] _check_pixels (res://tools/capture_issue_36.gd:159)
       [1] _capture_pair (res://tools/capture_issue_36.gd:139)
SCRIPT ERROR: Cannot call method 'get_image' on a null value.
   at: _check_pixels (res://tools/capture_issue_36.gd:159)
   GDScript backtrace (most recent call first):
       [0] _check_pixels (res://tools/capture_issue_36.gd:159)
       [1] _capture_pair (res://tools/capture_issue_36.gd:139)
SCRIPT ERROR: Cannot call method 'get_image' on a null value.
   at: _check_pixels (res://tools/capture_issue_36.gd:159)
   GDScript backtrace (most recent call first):
       [0] _check_pixels (res://tools/capture_issue_36.gd:159)
       [1] _capture_pair (res://tools/capture_issue_36.gd:139)
SCRIPT ERROR: Cannot call method 'get_image' on a null value.
   at: _check_pixels (res://tools/capture_issue_36.gd:159)
   GDScript backtrace (most recent call first):
       [0] _check_pixels (res://tools/capture_issue_36.gd:159)
       [1] _capture_pair (res://tools/capture_issue_36.gd:139)
SCRIPT ERROR: Cannot call method 'get_image' on a null value.
   at: _check_pixels (res://tools/capture_issue_36.gd:159)
   GDScript backtrace (most recent call first):
       [0] _check_pixels (res://tools/capture_issue_36.gd:159)
       [1] _capture_pair (res://tools/capture_issue_36.gd:139)
SCRIPT ERROR: Cannot call method 'get_image' on a null value.
   at: _check_pixels (res://tools/capture_issue_36.gd:159)
   GDScript backtrace (most recent call first):
       [0] _check_pixels (res://tools/capture_issue_36.gd:159)
       [1] _capture_pair (res://tools/capture_issue_36.gd:139)
SCRIPT ERROR: Cannot call method 'get_image' on a null value.
   at: _check_pixels (res://tools/capture_issue_36.gd:159)
   GDScript backtrace (most recent call first):
       [0] _check_pixels (res://tools/capture_issue_36.gd:159)
       [1] _capture_pair (res://tools/capture_issue_36.gd:139)
SCRIPT ERROR: Cannot call method 'get_image' on a null value.
   at: _check_pixels (res://tools/capture_issue_36.gd:159)
   GDScript backtrace (most recent call first):
       [0] _check_pixels (res://tools/capture_issue_36.gd:159)
       [1] _capture_pair (res://tools/capture_issue_36.gd:139)
SCRIPT ERROR: Cannot call method 'get_image' on a null value.
   at: _check_pixels (res://tools/capture_issue_36.gd:159)
   GDScript backtrace (most recent call first):
       [0] _check_pixels (res://tools/capture_issue_36.gd:159)
       [1] _capture_pair (res://tools/capture_issue_36.gd:139)
SCRIPT ERROR: Cannot call method 'get_image' on a null value.
   at: _check_pixels (res://tools/capture_issue_36.gd:159)
   GDScript backtrace (most recent call first):
       [0] _check_pixels (res://tools/capture_issue_36.gd:159)
       [1] _capture_pair (res://tools/capture_issue_36.gd:139)
SCRIPT ERROR: Cannot call method 'get_image' on a null value.
   at: _check_pixels (res://tools/capture_issue_36.gd:159)
   GDScript backtrace (most recent call first):
       [0] _check_pixels (res://tools/capture_issue_36.gd:159)
       [1] _capture_pair (res://tools/capture_issue_36.gd:139)
SCRIPT ERROR: Cannot call method 'get_image' on a null value.
   at: _check_pixels (res://tools/capture_issue_36.gd:159)
   GDScript backtrace (most recent call first):
       [0] _check_pixels (res://tools/capture_issue_36.gd:159)
       [1] _capture_pair (res://tools/capture_issue_36.gd:139)
SCRIPT ERROR: Cannot call method 'get_image' on a null value.
   at: _check_pixels (res://tools/capture_issue_36.gd:159)
   GDScript backtrace (most recent call first):
       [0] _check_pixels (res://tools/capture_issue_36.gd:159)
       [1] _capture_pair (res://tools/capture_issue_36.gd:139)
SCRIPT ERROR: Cannot call method 'get_image' on a null value.
   at: _check_pixels (res://tools/capture_issue_36.gd:159)
   GDScript backtrace (most recent call first):
       [0] _check_pixels (res://tools/capture_issue_36.gd:159)
       [1] _capture_pair (res://tools/capture_issue_36.gd:139)
SCRIPT ERROR: Cannot call method 'get_image' on a null value.
   at: _check_pixels (res://tools/capture_issue_36.gd:159)
   GDScript backtrace (most recent call first):
       [0] _check_pixels (res://tools/capture_issue_36.gd:159)
       [1] _capture_pair (res://tools/capture_issue_36.gd:139)
SCRIPT ERROR: Cannot call method 'get_image' on a null value.
   at: _check_pixels (res://tools/capture_issue_36.gd:159)
   GDScript backtrace (most recent call first):
       [0] _check_pixels (res://tools/capture_issue_36.gd:159)
       [1] _capture_pair (res://tools/capture_issue_36.gd:139)
SCRIPT ERROR: Cannot call method 'get_image' on a null value.
   at: _check_pixels (res://tools/capture_issue_36.gd:159)
   GDScript backtrace (most recent call first):
       [0] _check_pixels (res://tools/capture_issue_36.gd:159)
       [1] _capture_pair (res://tools/capture_issue_36.gd:139)
SCRIPT ERROR: Cannot call method 'get_image' on a null value.
   at: _check_pixels (res://tools/capture_issue_36.gd:159)
   GDScript backtrace (most recent call first):
       [0] _check_pixels (res://tools/capture_issue_36.gd:159)
       [1] _capture_pair (res://tools/capture_issue_36.gd:139)
SCRIPT ERROR: Cannot call method 'get_image' on a null value.
   at: _check_pixels (res://tools/capture_issue_36.gd:159)
   GDScript backtrace (most recent call first):
       [0] _check_pixels (res://tools/capture_issue_36.gd:159)
       [1] _capture_pair (res://tools/capture_issue_36.gd:139)
SCRIPT ERROR: Cannot call method 'get_image' on a null value.
   at: _check_pixels (res://tools/capture_issue_36.gd:159)
   GDScript backtrace (most recent call first):
       [0] _check_pixels (res://tools/capture_issue_36.gd:159)
       [1] _capture_pair (res://tools/capture_issue_36.gd:139)
SCRIPT ERROR: Cannot call method 'get_image' on a null value.
   at: _check_pixels (res://tools/capture_issue_36.gd:159)
   GDScript backtrace (most recent call first):
       [0] _check_pixels (res://tools/capture_issue_36.gd:159)
       [1] _capture_pair (res://tools/capture_issue_36.gd:139)
SCRIPT ERROR: Cannot call method 'get_image' on a null value.
   at: _check_pixels (res://tools/capture_issue_36.gd:159)
   GDScript backtrace (most recent call first):
       [0] _check_pixels (res://tools/capture_issue_36.gd:159)
       [1] _capture_pair (res://tools/capture_issue_36.gd:139)
SCRIPT ERROR: Cannot call method 'get_image' on a null value.
   at: _check_pixels (res://tools/capture_issue_36.gd:159)
   GDScript backtrace (most recent call first):
       [0] _check_pixels (res://tools/capture_issue_36.gd:159)
       [1] _capture_pair (res://tools/capture_issue_36.gd:139)
SCRIPT ERROR: Cannot call method 'get_image' on a null value.
   at: _check_pixels (res://tools/capture_issue_36.gd:159)
   GDScript backtrace (most recent call first):
       [0] _check_pixels (res://tools/capture_issue_36.gd:159)
       [1] _capture_pair (res://tools/capture_issue_36.gd:139)
SCRIPT ERROR: Cannot call method 'get_image' on a null value.
   at: _check_pixels (res://tools/capture_issue_36.gd:159)
   GDScript backtrace (most recent call first):
       [0] _check_pixels (res://tools/capture_issue_36.gd:159)
       [1] _capture_pair (res://tools/capture_issue_36.gd:139)
SCRIPT ERROR: Cannot call method 'get_image' on a null value.
   at: _check_pixels (res://tools/capture_issue_36.gd:159)
   GDScript backtrace (most recent call first):
       [0] _check_pixels (res://tools/capture_issue_36.gd:159)
       [1] _capture_pair (res://tools/capture_issue_36.gd:139)
WARNING: 54 RIDs of type "CanvasItem" were leaked.
   at: _free_rids (servers/rendering/renderer_canvas_cull.cpp:2735)
WARNING: 57 ObjectDB instances were leaked at exit (run with `--verbose` for details).
   at: cleanup (core/object/object.cpp:2536)
ERROR: 2 resources still in use at exit (run with --verbose for details).
   at: clear (core/io/resource.cpp:822)


======================================================================
FAIL: test_victory_freeze_death_and_physical_retry (test_operative_flash_compositing.OperativeFlashCompositing.test_victory_freeze_death_and_physical_retry)
----------------------------------------------------------------------
Traceback (most recent call last):
  File "E:\Projects\game_hundouluo_codex_worktree\issue-36-muzzle-flash-compositing\.scratch\issue-36\verification-source-74bcc83\tests\test_operative_flash_compositing.py", line 23, in test_victory_freeze_death_and_physical_retry
    self.run_capture([], script="tools/capture_issue_36_outcomes.gd", fps="30")
  File "E:\Projects\game_hundouluo_codex_worktree\issue-36-muzzle-flash-compositing\.scratch\issue-36\verification-source-74bcc83\tests\test_operative_flash_compositing.py", line 35, in run_capture
    self.assertEqual(result.returncode, 0, log)
AssertionError: 1 != 0 : Godot Engine v4.7.2.stable.official.ed1daf0bf - https://godotengine.org
OpenGL API 3.3.0 NVIDIA 610.47 - Compatibility - Using Device: NVIDIA - NVIDIA GeForce RTX 4060 Laptop GPU

SCRIPT ERROR: Parse Error: Could not find type "DefenseMech" in the current scope.
   at: GDScript::reload (res://tools/capture_issue_36_outcomes.gd:18)
SCRIPT ERROR: Parse Error: Cannot infer the type of "mech" variable because the value doesn't have a set type.
   at: GDScript::reload (res://tools/capture_issue_36_outcomes.gd:18)
SCRIPT ERROR: Parse Error: Cannot infer the type of "edge" variable because the value doesn't have a set type.
   at: GDScript::reload (res://tools/capture_issue_36_outcomes.gd:33)
ERROR: Failed to load script "res://tools/capture_issue_36_outcomes.gd" with error "Parse error".
   at: load (modules/gdscript/gdscript_resource_format.cpp:46)


======================================================================
FAIL: test_visible_muzzle_rear_meets_barrel_and_gun_stays_stable (test_operative_flash_compositing.OperativeFlashCompositing.test_visible_muzzle_rear_meets_barrel_and_gun_stays_stable)
----------------------------------------------------------------------
Traceback (most recent call last):
  File "E:\Projects\game_hundouluo_codex_worktree\issue-36-muzzle-flash-compositing\.scratch\issue-36\verification-source-74bcc83\tests\test_operative_flash_compositing.py", line 15, in test_visible_muzzle_rear_meets_barrel_and_gun_stays_stable
    self.run_capture(["--ticks=12"])
  File "E:\Projects\game_hundouluo_codex_worktree\issue-36-muzzle-flash-compositing\.scratch\issue-36\verification-source-74bcc83\tests\test_operative_flash_compositing.py", line 36, in run_capture
    self.assertIsNone(re.search(r"^\s*(ERROR:|SCRIPT ERROR:|WARNING:)", log, re.MULTILINE), log)
AssertionError: <re.Match object; span=(234, 240), match='ERROR:'> is not None : Godot Engine v4.7.2.stable.official.ed1daf0bf - https://godotengine.org
OpenGL API 3.3.0 NVIDIA 610.47 - Compatibility - Using Device: NVIDIA - NVIDIA GeForce RTX 4060 Laptop GPU

PASS: visible muzzle attachment and stable gun pixels
ERROR: 2 RID allocations of type 'P11GodotArea2D' were leaked at exit.
ERROR: 1 RID allocations of type 'P12GodotShape2D' were leaked at exit.
ERROR: Unable to open file: res://.godot/imported/base_tiles.png-26457a43f6facaf976ce05f158af5eec.ctex.
   at: _load_data (scene/resources/compressed_texture.cpp:45)
   GDScript backtrace (most recent call first):
       [0] _run (res://tools/capture_issue_36.gd:45)
ERROR: Failed loading resource: res://.godot/imported/base_tiles.png-26457a43f6facaf976ce05f158af5eec.ctex.
   at: _load (core/io/resource_loader.cpp:317)
   GDScript backtrace (most recent call first):
       [0] _run (res://tools/capture_issue_36.gd:45)
ERROR: Failed loading resource: res://assets/pixel/base_tiles.png.
   at: _load (core/io/resource_loader.cpp:317)
   GDScript backtrace (most recent call first):
       [0] _run (res://tools/capture_issue_36.gd:45)
ERROR: Unable to open file: res://.godot/imported/hangar_deck.png-23d76946811f5b7a9a143f16f20fe391.ctex.
   at: _load_data (scene/resources/compressed_texture.cpp:45)
   GDScript backtrace (most recent call first):
       [0] _run (res://tools/capture_issue_36.gd:45)
ERROR: Failed loading resource: res://.godot/imported/hangar_deck.png-23d76946811f5b7a9a143f16f20fe391.ctex.
   at: _load (core/io/resource_loader.cpp:317)
   GDScript backtrace (most recent call first):
       [0] _run (res://tools/capture_issue_36.gd:45)
ERROR: Failed loading resource: res://assets/pixel/hangar_deck.png.
   at: _load (core/io/resource_loader.cpp:317)
   GDScript backtrace (most recent call first):
       [0] _run (res://tools/capture_issue_36.gd:45)
SCRIPT ERROR: Parse Error: Could not preload resource file "res://assets/pixel/base_tiles.png".
   at: GDScript::reload (res://scripts/level.gd:5)
   GDScript backtrace (most recent call first):
       [0] _run (res://tools/capture_issue_36.gd:45)
SCRIPT ERROR: Parse Error: Cannot infer the type of "TILES" constant because the value doesn't have a set type.
   at: GDScript::reload (res://scripts/level.gd:5)
   GDScript backtrace (most recent call first):
       [0] _run (res://tools/capture_issue_36.gd:45)
SCRIPT ERROR: Parse Error: Could not preload resource file "res://assets/pixel/hangar_deck.png".
   at: GDScript::reload (res://scripts/level.gd:6)
   GDScript backtrace (most recent call first):
       [0] _run (res://tools/capture_issue_36.gd:45)
SCRIPT ERROR: Parse Error: Cannot infer the type of "DECK" constant because the value doesn't have a set type.
   at: GDScript::reload (res://scripts/level.gd:6)
   GDScript backtrace (most recent call first):
       [0] _run (res://tools/capture_issue_36.gd:45)
SCRIPT ERROR: Parse Error: Could not find type "MechanicalSoldier" in the current scope.
   at: GDScript::reload (res://scripts/level.gd:67)
   GDScript backtrace (most recent call first):
       [0] _run (res://tools/capture_issue_36.gd:45)
SCRIPT ERROR: Parse Error: Cannot infer the type of "soldier" variable because the value doesn't have a set type.
   at: GDScript::reload (res://scripts/level.gd:67)
   GDScript backtrace (most recent call first):
       [0] _run (res://tools/capture_issue_36.gd:45)
SCRIPT ERROR: Parse Error: Could not find type "MechanicalSoldier" in the current scope.
   at: GDScript::reload (res://scripts/level.gd:119)
   GDScript backtrace (most recent call first):
       [0] _run (res://tools/capture_issue_36.gd:45)
SCRIPT ERROR: Parse Error: Cannot infer the type of "soldier" variable because the value doesn't have a set type.
   at: GDScript::reload (res://scripts/level.gd:119)
   GDScript backtrace (most recent call first):
       [0] _run (res://tools/capture_issue_36.gd:45)
SCRIPT ERROR: Parse Error: Could not find type "DefenseMech" in the current scope.
   at: GDScript::reload (res://scripts/level.gd:133)
   GDScript backtrace (most recent call first):
       [0] _run (res://tools/capture_issue_36.gd:45)
SCRIPT ERROR: Parse Error: Cannot infer the type of "mech" variable because the value doesn't have a set type.
   at: GDScript::reload (res://scripts/level.gd:133)
   GDScript backtrace (most recent call first):
       [0] _run (res://tools/capture_issue_36.gd:45)
ERROR: Failed to load script "res://scripts/level.gd" with error "Parse error".
   at: load (modules/gdscript/gdscript_resource_format.cpp:46)
   GDScript backtrace (most recent call first):
       [0] _run (res://tools/capture_issue_36.gd:45)
ERROR: Unable to open file: res://.godot/imported/atlas.png-04c5df77a4b02244cd0e868f7017e8d8.ctex.
   at: _load_data (scene/resources/compressed_texture.cpp:45)
   GDScript backtrace (most recent call first):
       [0] _run (res://tools/capture_issue_36.gd:45)
ERROR: Failed loading resource: res://.godot/imported/atlas.png-04c5df77a4b02244cd0e868f7017e8d8.ctex.
   at: _load (core/io/resource_loader.cpp:317)
   GDScript backtrace (most recent call first):
       [0] _run (res://tools/capture_issue_36.gd:45)
ERROR: Failed loading resource: res://assets/combat_v011/atlas.png.
   at: _load (core/io/resource_loader.cpp:317)
   GDScript backtrace (most recent call first):
       [0] _run (res://tools/capture_issue_36.gd:45)
ERROR: res://scenes/friendly_projectile.tscn:19 - Parse Error: [ext_resource] referenced non-existent resource at: res://assets/combat_v011/atlas.png.
   at: _printerr (scene/resources/resource_format_text.cpp:41)
   GDScript backtrace (most recent call first):
       [0] _run (res://tools/capture_issue_36.gd:45)
ERROR: Unable to open file: res://.godot/imported/atlas.png-04c5df77a4b02244cd0e868f7017e8d8.ctex.
   at: _load_data (scene/resources/compressed_texture.cpp:45)
   GDScript backtrace (most recent call first):
       [0] _run (res://tools/capture_issue_36.gd:45)
ERROR: Failed loading resource: res://.godot/imported/atlas.png-04c5df77a4b02244cd0e868f7017e8d8.ctex.
   at: _load (core/io/resource_loader.cpp:317)
   GDScript backtrace (most recent call first):
       [0] _run (res://tools/capture_issue_36.gd:45)
ERROR: Failed loading resource: res://assets/combat_v011/atlas.png.
   at: _load (core/io/resource_loader.cpp:317)
   GDScript backtrace (most recent call first):
       [0] _run (res://tools/capture_issue_36.gd:45)
ERROR: res://scenes/combat_flash.tscn:9 - Parse Error: [ext_resource] referenced non-existent resource at: res://assets/combat_v011/atlas.png.
   at: _printerr (scene/resources/resource_format_text.cpp:41)
   GDScript backtrace (most recent call first):
       [0] _run (res://tools/capture_issue_36.gd:45)
ERROR: Unable to open file: res://.godot/imported/operative.png-705a9f046566e73ee88eae43ff2d8d2a.ctex.
   at: _load_data (scene/resources/compressed_texture.cpp:45)
   GDScript backtrace (most recent call first):
       [0] _run (res://tools/capture_issue_36.gd:45)
ERROR: Failed loading resource: res://.godot/imported/operative.png-705a9f046566e73ee88eae43ff2d8d2a.ctex.
   at: _load (core/io/resource_loader.cpp:317)
   GDScript backtrace (most recent call first):
       [0] _run (res://tools/capture_issue_36.gd:45)
ERROR: Failed loading resource: res://assets/pixel/operative.png.
   at: _load (core/io/resource_loader.cpp:317)
   GDScript backtrace (most recent call first):
       [0] _run (res://tools/capture_issue_36.gd:45)
ERROR: res://scenes/operative.tscn:23 - Parse Error: [ext_resource] referenced non-existent resource at: res://assets/pixel/operative.png.
   at: _printerr (scene/resources/resource_format_text.cpp:41)
   GDScript backtrace (most recent call first):
       [0] _run (res://tools/capture_issue_36.gd:45)
ERROR: Unable to open file: res://.godot/imported/hangar_far.png-8b02b32ccfe7b193cd9dc0a423685074.ctex.
   at: _load_data (scene/resources/compressed_texture.cpp:45)
   GDScript backtrace (most recent call first):
       [0] _run (res://tools/capture_issue_36.gd:45)
ERROR: Failed loading resource: res://.godot/imported/hangar_far.png-8b02b32ccfe7b193cd9dc0a423685074.ctex.
   at: _load (core/io/resource_loader.cpp:317)
   GDScript backtrace (most recent call first):
       [0] _run (res://tools/capture_issue_36.gd:45)
ERROR: Failed loading resource: res://assets/pixel/hangar_far.png.
   at: _load (core/io/resource_loader.cpp:317)
   GDScript backtrace (most recent call first):
       [0] _run (res://tools/capture_issue_36.gd:45)
ERROR: Unable to open file: res://.godot/imported/hangar_mid.png-a6cd488adb92e4a16ec5e64ae0e2bd2a.ctex.
   at: _load_data (scene/resources/compressed_texture.cpp:45)
   GDScript backtrace (most recent call first):
       [0] _run (res://tools/capture_issue_36.gd:45)
ERROR: Failed loading resource: res://.godot/imported/hangar_mid.png-a6cd488adb92e4a16ec5e64ae0e2bd2a.ctex.
   at: _load (core/io/resource_loader.cpp:317)
   GDScript backtrace (most recent call first):
       [0] _run (res://tools/capture_issue_36.gd:45)
ERROR: Failed loading resource: res://assets/pixel/hangar_mid.png.
   at: _load (core/io/resource_loader.cpp:317)
   GDScript backtrace (most recent call first):
       [0] _run (res://tools/capture_issue_36.gd:45)
ERROR: Unable to open file: res://.godot/imported/atlas.png-04c5df77a4b02244cd0e868f7017e8d8.ctex.
   at: _load_data (scene/resources/compressed_texture.cpp:45)
   GDScript backtrace (most recent call first):
       [0] _run (res://tools/capture_issue_36.gd:45)
ERROR: Failed loading resource: res://.godot/imported/atlas.png-04c5df77a4b02244cd0e868f7017e8d8.ctex.
   at: _load (core/io/resource_loader.cpp:317)
   GDScript backtrace (most recent call first):
       [0] _run (res://tools/capture_issue_36.gd:45)
ERROR: Failed loading resource: res://assets/combat_v011/atlas.png.
   at: _load (core/io/resource_loader.cpp:317)
   GDScript backtrace (most recent call first):
       [0] _run (res://tools/capture_issue_36.gd:45)
ERROR: res://scenes/enemy_projectile.tscn:19 - Parse Error: [ext_resource] referenced non-existent resource at: res://assets/combat_v011/atlas.png.
   at: _printerr (scene/resources/resource_format_text.cpp:41)
   GDScript backtrace (most recent call first):
       [0] _run (res://tools/capture_issue_36.gd:45)
ERROR: Unable to open file: res://.godot/imported/mechanical_soldier.png-77969d65dcf54cc8c874f0bc63900e84.ctex.
   at: _load_data (scene/resources/compressed_texture.cpp:45)
   GDScript backtrace (most recent call first):
       [0] _run (res://tools/capture_issue_36.gd:45)
ERROR: Failed loading resource: res://.godot/imported/mechanical_soldier.png-77969d65dcf54cc8c874f0bc63900e84.ctex.
   at: _load (core/io/resource_loader.cpp:317)
   GDScript backtrace (most recent call first):
       [0] _run (res://tools/capture_issue_36.gd:45)
ERROR: Failed loading resource: res://assets/pixel/mechanical_soldier.png.
   at: _load (core/io/resource_loader.cpp:317)
   GDScript backtrace (most recent call first):
       [0] _run (res://tools/capture_issue_36.gd:45)
ERROR: res://scenes/mechanical_soldier.tscn:24 - Parse Error: [ext_resource] referenced non-existent resource at: res://assets/pixel/mechanical_soldier.png.
   at: _printerr (scene/resources/resource_format_text.cpp:41)
   GDScript backtrace (most recent call first):
       [0] _run (res://tools/capture_issue_36.gd:45)
ERROR: Unable to open file: res://.godot/imported/defense_mech.png-2533390884123f8a3071e913696cc097.ctex.
   at: _load_data (scene/resources/compressed_texture.cpp:45)
   GDScript backtrace (most recent call first):
       [0] _run (res://tools/capture_issue_36.gd:45)
ERROR: Failed loading resource: res://.godot/imported/defense_mech.png-2533390884123f8a3071e913696cc097.ctex.
   at: _load (core/io/resource_loader.cpp:317)
   GDScript backtrace (most recent call first):
       [0] _run (res://tools/capture_issue_36.gd:45)
ERROR: Failed loading resource: res://assets/pixel/defense_mech.png.
   at: _load (core/io/resource_loader.cpp:317)
   GDScript backtrace (most recent call first):
       [0] _run (res://tools/capture_issue_36.gd:45)
ERROR: Unable to open file: res://.godot/imported/atlas.png-04c5df77a4b02244cd0e868f7017e8d8.ctex.
   at: _load_data (scene/resources/compressed_texture.cpp:45)
   GDScript backtrace (most recent call first):
       [0] _run (res://tools/capture_issue_36.gd:45)
ERROR: Failed loading resource: res://.godot/imported/atlas.png-04c5df77a4b02244cd0e868f7017e8d8.ctex.
   at: _load (core/io/resource_loader.cpp:317)
   GDScript backtrace (most recent call first):
       [0] _run (res://tools/capture_issue_36.gd:45)
ERROR: Failed loading resource: res://assets/combat_v011/atlas.png.
   at: _load (core/io/resource_loader.cpp:317)
   GDScript backtrace (most recent call first):
       [0] _run (res://tools/capture_issue_36.gd:45)
ERROR: res://scenes/defense_mech.tscn:25 - Parse Error: [ext_resource] referenced non-existent resource at: res://assets/pixel/defense_mech.png.
   at: _printerr (scene/resources/resource_format_text.cpp:41)
   GDScript backtrace (most recent call first):
       [0] _run (res://tools/capture_issue_36.gd:45)
ERROR: res://scenes/defense_mech.tscn:33 - Parse Error: [ext_resource] referenced non-existent resource at: res://assets/combat_v011/atlas.png.
   at: _printerr (scene/resources/resource_format_text.cpp:41)
   GDScript backtrace (most recent call first):
       [0] _run (res://tools/capture_issue_36.gd:45)
ERROR: Unable to open file: res://.godot/imported/life-full.png-7140023e5be9f07bf64d6a9a8e5f7855.ctex.
   at: _load_data (scene/resources/compressed_texture.cpp:45)
   GDScript backtrace (most recent call first):
       [0] _run (res://tools/capture_issue_36.gd:45)
ERROR: Failed loading resource: res://.godot/imported/life-full.png-7140023e5be9f07bf64d6a9a8e5f7855.ctex.
   at: _load (core/io/resource_loader.cpp:317)
   GDScript backtrace (most recent call first):
       [0] _run (res://tools/capture_issue_36.gd:45)
ERROR: Failed loading resource: res://assets/ui_v011/life-full.png.
   at: _load (core/io/resource_loader.cpp:317)
   GDScript backtrace (most recent call first):
       [0] _run (res://tools/capture_issue_36.gd:45)
ERROR: Unable to open file: res://.godot/imported/life-empty.png-aa84ef66ff744aff4a08b159a13641b8.ctex.
   at: _load_data (scene/resources/compressed_texture.cpp:45)
   GDScript backtrace (most recent call first):
       [0] _run (res://tools/capture_issue_36.gd:45)
ERROR: Failed loading resource: res://.godot/imported/life-empty.png-aa84ef66ff744aff4a08b159a13641b8.ctex.
   at: _load (core/io/resource_loader.cpp:317)
   GDScript backtrace (most recent call first):
       [0] _run (res://tools/capture_issue_36.gd:45)
ERROR: Failed loading resource: res://assets/ui_v011/life-empty.png.
   at: _load (core/io/resource_loader.cpp:317)
   GDScript backtrace (most recent call first):
       [0] _run (res://tools/capture_issue_36.gd:45)
SCRIPT ERROR: Parse Error: Could not preload resource file "res://assets/ui_v011/life-full.png".
   at: GDScript::reload (res://scripts/level_hud.gd:4)
   GDScript backtrace (most recent call first):
       [0] _run (res://tools/capture_issue_36.gd:45)
SCRIPT ERROR: Parse Error: Cannot infer the type of "LIFE_FULL" constant because the value doesn't have a set type.
   at: GDScript::reload (res://scripts/level_hud.gd:4)
   GDScript backtrace (most recent call first):
       [0] _run (res://tools/capture_issue_36.gd:45)
SCRIPT ERROR: Parse Error: Could not preload resource file "res://assets/ui_v011/life-empty.png".
   at: GDScript::reload (res://scripts/level_hud.gd:5)
   GDScript backtrace (most recent call first):
       [0] _run (res://tools/capture_issue_36.gd:45)
SCRIPT ERROR: Parse Error: Cannot infer the type of "LIFE_EMPTY" constant because the value doesn't have a set type.
   at: GDScript::reload (res://scripts/level_hud.gd:5)
   GDScript backtrace (most recent call first):
       [0] _run (res://tools/capture_issue_36.gd:45)
ERROR: Failed to load script "res://scripts/level_hud.gd" with error "Parse error".
   at: load (modules/gdscript/gdscript_resource_format.cpp:46)
   GDScript backtrace (most recent call first):
       [0] _run (res://tools/capture_issue_36.gd:45)
ERROR: Unable to open file: res://.godot/imported/atlas.png-04c5df77a4b02244cd0e868f7017e8d8.ctex.
   at: _load_data (scene/resources/compressed_texture.cpp:45)
   GDScript backtrace (most recent call first):
       [0] _run (res://tools/capture_issue_36.gd:45)
ERROR: Failed loading resource: res://.godot/imported/atlas.png-04c5df77a4b02244cd0e868f7017e8d8.ctex.
   at: _load (core/io/resource_loader.cpp:317)
   GDScript backtrace (most recent call first):
       [0] _run (res://tools/capture_issue_36.gd:45)
ERROR: Failed loading resource: res://assets/combat_v011/atlas.png.
   at: _load (core/io/resource_loader.cpp:317)
   GDScript backtrace (most recent call first):
       [0] _run (res://tools/capture_issue_36.gd:45)
SCRIPT ERROR: Parse Error: Could not preload resource file "res://assets/combat_v011/atlas.png".
   at: GDScript::reload (res://scripts/combat_feedback.gd:25)
   GDScript backtrace (most recent call first):
       [0] _run (res://tools/capture_issue_36.gd:45)
SCRIPT ERROR: Parse Error: Cannot infer the type of "IMPACT_ATLAS" constant because the value doesn't have a set type.
   at: GDScript::reload (res://scripts/combat_feedback.gd:25)
   GDScript backtrace (most recent call first):
       [0] _run (res://tools/capture_issue_36.gd:45)
ERROR: Failed to load script "res://scripts/combat_feedback.gd" with error "Parse error".
   at: load (modules/gdscript/gdscript_resource_format.cpp:46)
   GDScript backtrace (most recent call first):
       [0] _run (res://tools/capture_issue_36.gd:45)
ERROR: Unable to open file: res://.godot/imported/gate.png-1c7e3da1def0016ab8cab89aa14aeee0.ctex.
   at: _load_data (scene/resources/compressed_texture.cpp:45)
   GDScript backtrace (most recent call first):
       [0] _run (res://tools/capture_issue_36.gd:45)
ERROR: Failed loading resource: res://.godot/imported/gate.png-1c7e3da1def0016ab8cab89aa14aeee0.ctex.
   at: _load (core/io/resource_loader.cpp:317)
   GDScript backtrace (most recent call first):
       [0] _run (res://tools/capture_issue_36.gd:45)
ERROR: Failed loading resource: res://assets/entry_gate_v011/gate.png.
   at: _load (core/io/resource_loader.cpp:317)
   GDScript backtrace (most recent call first):
       [0] _run (res://tools/capture_issue_36.gd:45)
ERROR: Unable to open file: res://.godot/imported/hud.png-b93ca9f6f8ae04c8902fd378e45662c7.ctex.
   at: _load_data (scene/resources/compressed_texture.cpp:45)
   GDScript backtrace (most recent call first):
       [0] _run (res://tools/capture_issue_36.gd:45)
ERROR: Failed loading resource: res://.godot/imported/hud.png-b93ca9f6f8ae04c8902fd378e45662c7.ctex.
   at: _load (core/io/resource_loader.cpp:317)
   GDScript backtrace (most recent call first):
       [0] _run (res://tools/capture_issue_36.gd:45)
ERROR: Failed loading resource: res://assets/ui_v011/hud.png.
   at: _load (core/io/resource_loader.cpp:317)
   GDScript backtrace (most recent call first):
       [0] _run (res://tools/capture_issue_36.gd:45)
ERROR: Unable to open file: res://.godot/imported/life-full.png-7140023e5be9f07bf64d6a9a8e5f7855.ctex.
   at: _load_data (scene/resources/compressed_texture.cpp:45)
   GDScript backtrace (most recent call first):
       [0] _run (res://tools/capture_issue_36.gd:45)
ERROR: Failed loading resource: res://.godot/imported/life-full.png-7140023e5be9f07bf64d6a9a8e5f7855.ctex.
   at: _load (core/io/resource_loader.cpp:317)
   GDScript backtrace (most recent call first):
       [0] _run (res://tools/capture_issue_36.gd:45)
ERROR: Failed loading resource: res://assets/ui_v011/life-full.png.
   at: _load (core/io/resource_loader.cpp:317)
   GDScript backtrace (most recent call first):
       [0] _run (res://tools/capture_issue_36.gd:45)
ERROR: Unable to open file: res://.godot/imported/outcome-top.png-3aa8a5ef9b558e5401d15e59d8cbe624.ctex.
   at: _load_data (scene/resources/compressed_texture.cpp:45)
   GDScript backtrace (most recent call first):
       [0] _run (res://tools/capture_issue_36.gd:45)
ERROR: Failed loading resource: res://.godot/imported/outcome-top.png-3aa8a5ef9b558e5401d15e59d8cbe624.ctex.
   at: _load (core/io/resource_loader.cpp:317)
   GDScript backtrace (most recent call first):
       [0] _run (res://tools/capture_issue_36.gd:45)
ERROR: Failed loading resource: res://assets/ui_v011/outcome-top.png.
   at: _load (core/io/resource_loader.cpp:317)
   GDScript backtrace (most recent call first):
       [0] _run (res://tools/capture_issue_36.gd:45)
ERROR: Unable to open file: res://.godot/imported/outcome-bottom.png-2b1fd568a2c7d52b34595a89b3e6106f.ctex.
   at: _load_data (scene/resources/compressed_texture.cpp:45)
   GDScript backtrace (most recent call first):
       [0] _run (res://tools/capture_issue_36.gd:45)
ERROR: Failed loading resource: res://.godot/imported/outcome-bottom.png-2b1fd568a2c7d52b34595a89b3e6106f.ctex.
   at: _load (core/io/resource_loader.cpp:317)
   GDScript backtrace (most recent call first):
       [0] _run (res://tools/capture_issue_36.gd:45)
ERROR: Failed loading resource: res://assets/ui_v011/outcome-bottom.png.
   at: _load (core/io/resource_loader.cpp:317)
   GDScript backtrace (most recent call first):
       [0] _run (res://tools/capture_issue_36.gd:45)
ERROR: Unable to open file: res://.godot/imported/portrait.png-713fc3f6419524a88943faaa969238c5.ctex.
   at: _load_data (scene/resources/compressed_texture.cpp:45)
   GDScript backtrace (most recent call first):
       [0] _run (res://tools/capture_issue_36.gd:45)
ERROR: Failed loading resource: res://.godot/imported/portrait.png-713fc3f6419524a88943faaa969238c5.ctex.
   at: _load (core/io/resource_loader.cpp:317)
   GDScript backtrace (most recent call first):
       [0] _run (res://tools/capture_issue_36.gd:45)
ERROR: Failed loading resource: res://assets/ui_v011/portrait.png.
   at: _load (core/io/resource_loader.cpp:317)
   GDScript backtrace (most recent call first):
       [0] _run (res://tools/capture_issue_36.gd:45)
ERROR: Unable to open file: res://.godot/imported/rifle.png-e50bf32ad472a35d093785d4d48b3c72.ctex.
   at: _load_data (scene/resources/compressed_texture.cpp:45)
   GDScript backtrace (most recent call first):
       [0] _run (res://tools/capture_issue_36.gd:45)
ERROR: Failed loading resource: res://.godot/imported/rifle.png-e50bf32ad472a35d093785d4d48b3c72.ctex.
   at: _load (core/io/resource_loader.cpp:317)
   GDScript backtrace (most recent call first):
       [0] _run (res://tools/capture_issue_36.gd:45)
ERROR: Failed loading resource: res://assets/ui_v011/rifle.png.
   at: _load (core/io/resource_loader.cpp:317)
   GDScript backtrace (most recent call first):
       [0] _run (res://tools/capture_issue_36.gd:45)
ERROR: Cannot open file 'res://.godot/imported/fusion-pixel-12px-proportional-zh_hans.otf-cbf128b4da7acd6603a3be3f834c880b.fontdata'.
   at: load (core/io/resource_format_binary.cpp:1156)
   GDScript backtrace (most recent call first):
       [0] _run (res://tools/capture_issue_36.gd:45)
ERROR: Failed loading resource: res://.godot/imported/fusion-pixel-12px-proportional-zh_hans.otf-cbf128b4da7acd6603a3be3f834c880b.fontdata.
   at: _load (core/io/resource_loader.cpp:317)
   GDScript backtrace (most recent call first):
       [0] _run (res://tools/capture_issue_36.gd:45)
ERROR: Failed loading resource: res://assets/ui_v011/fusion-pixel-12px-proportional-zh_hans.otf.
   at: _load (core/io/resource_loader.cpp:317)
   GDScript backtrace (most recent call first):
       [0] _run (res://tools/capture_issue_36.gd:45)
ERROR: res://scenes/level.tscn:54 - Parse Error: [ext_resource] referenced non-existent resource at: res://assets/pixel/hangar_far.png.
   at: _printerr (scene/resources/resource_format_text.cpp:41)
   GDScript backtrace (most recent call first):
       [0] _run (res://tools/capture_issue_36.gd:45)
ERROR: res://scenes/level.tscn:60 - Parse Error: [ext_resource] referenced non-existent resource at: res://assets/pixel/hangar_mid.png.
   at: _printerr (scene/resources/resource_format_text.cpp:41)
   GDScript backtrace (most recent call first):
       [0] _run (res://tools/capture_issue_36.gd:45)
ERROR: res://scenes/level.tscn:66 - Parse Error: [ext_resource] referenced non-existent resource at: res://assets/pixel/hangar_far.png.
   at: _printerr (scene/resources/resource_format_text.cpp:41)
   GDScript backtrace (most recent call first):
       [0] _run (res://tools/capture_issue_36.gd:45)
ERROR: res://scenes/level.tscn:72 - Parse Error: [ext_resource] referenced non-existent resource at: res://assets/pixel/hangar_mid.png.
   at: _printerr (scene/resources/resource_format_text.cpp:41)
   GDScript backtrace (most recent call first):
       [0] _run (res://tools/capture_issue_36.gd:45)
ERROR: res://scenes/level.tscn:78 - Parse Error: [ext_resource] referenced non-existent resource at: res://assets/pixel/hangar_far.png.
   at: _printerr (scene/resources/resource_format_text.cpp:41)
   GDScript backtrace (most recent call first):
       [0] _run (res://tools/capture_issue_36.gd:45)
ERROR: res://scenes/level.tscn:84 - Parse Error: [ext_resource] referenced non-existent resource at: res://assets/pixel/hangar_mid.png.
   at: _printerr (scene/resources/resource_format_text.cpp:41)
   GDScript backtrace (most recent call first):
       [0] _run (res://tools/capture_issue_36.gd:45)
ERROR: res://scenes/level.tscn:118 - Parse Error: [ext_resource] referenced non-existent resource at: res://assets/entry_gate_v011/gate.png.
   at: _printerr (scene/resources/resource_format_text.cpp:41)
   GDScript backtrace (most recent call first):
       [0] _run (res://tools/capture_issue_36.gd:45)
ERROR: res://scenes/level.tscn:198 - Parse Error: [ext_resource] referenced non-existent resource at: res://assets/ui_v011/hud.png.
   at: _printerr (scene/resources/resource_format_text.cpp:41)
   GDScript backtrace (most recent call first):
       [0] _run (res://tools/capture_issue_36.gd:45)
ERROR: res://scenes/level.tscn:207 - Parse Error: [ext_resource] referenced non-existent resource at: res://assets/ui_v011/life-full.png.
   at: _printerr (scene/resources/resource_format_text.cpp:41)
   GDScript backtrace (most recent call first):
       [0] _run (res://tools/capture_issue_36.gd:45)
ERROR: res://scenes/level.tscn:216 - Parse Error: [ext_resource] referenced non-existent resource at: res://assets/ui_v011/life-full.png.
   at: _printerr (scene/resources/resource_format_text.cpp:41)
   GDScript backtrace (most recent call first):
       [0] _run (res://tools/capture_issue_36.gd:45)
ERROR: res://scenes/level.tscn:225 - Parse Error: [ext_resource] referenced non-existent resource at: res://assets/ui_v011/life-full.png.
   at: _printerr (scene/resources/resource_format_text.cpp:41)
   GDScript backtrace (most recent call first):
       [0] _run (res://tools/capture_issue_36.gd:45)
ERROR: res://scenes/level.tscn:234 - Parse Error: [ext_resource] referenced non-existent resource at: res://assets/ui_v011/portrait.png.
   at: _printerr (scene/resources/resource_format_text.cpp:41)
   GDScript backtrace (most recent call first):
       [0] _run (res://tools/capture_issue_36.gd:45)
ERROR: res://scenes/level.tscn:244 - Parse Error: [ext_resource] referenced non-existent resource at: res://assets/ui_v011/rifle.png.
   at: _printerr (scene/resources/resource_format_text.cpp:41)
   GDScript backtrace (most recent call first):
       [0] _run (res://tools/capture_issue_36.gd:45)
ERROR: res://scenes/level.tscn:258 - Parse Error: [ext_resource] referenced non-existent resource at: res://assets/ui_v011/fusion-pixel-12px-proportional-zh_hans.otf.
   at: _printerr (scene/resources/resource_format_text.cpp:41)
   GDScript backtrace (most recent call first):
       [0] _run (res://tools/capture_issue_36.gd:45)
ERROR: res://scenes/level.tscn:274 - Parse Error: [ext_resource] referenced non-existent resource at: res://assets/ui_v011/fusion-pixel-12px-proportional-zh_hans.otf.
   at: _printerr (scene/resources/resource_format_text.cpp:41)
   GDScript backtrace (most recent call first):
       [0] _run (res://tools/capture_issue_36.gd:45)
ERROR: res://scenes/level.tscn:316 - Parse Error: [ext_resource] referenced non-existent resource at: res://assets/ui_v011/outcome-top.png.
   at: _printerr (scene/resources/resource_format_text.cpp:41)
   GDScript backtrace (most recent call first):
       [0] _run (res://tools/capture_issue_36.gd:45)
ERROR: res://scenes/level.tscn:327 - Parse Error: [ext_resource] referenced non-existent resource at: res://assets/ui_v011/outcome-bottom.png.
   at: _printerr (scene/resources/resource_format_text.cpp:41)
   GDScript backtrace (most recent call first):
       [0] _run (res://tools/capture_issue_36.gd:45)
ERROR: res://scenes/level.tscn:341 - Parse Error: [ext_resource] referenced non-existent resource at: res://assets/ui_v011/fusion-pixel-12px-proportional-zh_hans.otf.
   at: _printerr (scene/resources/resource_format_text.cpp:41)
   GDScript backtrace (most recent call first):
       [0] _run (res://tools/capture_issue_36.gd:45)
ERROR: res://scenes/level.tscn:357 - Parse Error: [ext_resource] referenced non-existent resource at: res://assets/ui_v011/fusion-pixel-12px-proportional-zh_hans.otf.
   at: _printerr (scene/resources/resource_format_text.cpp:41)
   GDScript backtrace (most recent call first):
       [0] _run (res://tools/capture_issue_36.gd:45)
ERROR: res://scenes/level.tscn:373 - Parse Error: [ext_resource] referenced non-existent resource at: res://assets/ui_v011/fusion-pixel-12px-proportional-zh_hans.otf.
   at: _printerr (scene/resources/resource_format_text.cpp:41)
   GDScript backtrace (most recent call first):
       [0] _run (res://tools/capture_issue_36.gd:45)
SCRIPT ERROR: Cannot call method 'get_image' on a null value.
   at: _check_pixels (res://tools/capture_issue_36.gd:159)
   GDScript backtrace (most recent call first):
       [0] _check_pixels (res://tools/capture_issue_36.gd:159)
       [1] _capture_pair (res://tools/capture_issue_36.gd:139)
SCRIPT ERROR: Cannot call method 'get_image' on a null value.
   at: _check_pixels (res://tools/capture_issue_36.gd:159)
   GDScript backtrace (most recent call first):
       [0] _check_pixels (res://tools/capture_issue_36.gd:159)
       [1] _capture_pair (res://tools/capture_issue_36.gd:139)
SCRIPT ERROR: Cannot call method 'get_image' on a null value.
   at: _check_pixels (res://tools/capture_issue_36.gd:159)
   GDScript backtrace (most recent call first):
       [0] _check_pixels (res://tools/capture_issue_36.gd:159)
       [1] _capture_pair (res://tools/capture_issue_36.gd:139)
SCRIPT ERROR: Cannot call method 'get_image' on a null value.
   at: _check_pixels (res://tools/capture_issue_36.gd:159)
   GDScript backtrace (most recent call first):
       [0] _check_pixels (res://tools/capture_issue_36.gd:159)
       [1] _capture_pair (res://tools/capture_issue_36.gd:139)
SCRIPT ERROR: Cannot call method 'get_image' on a null value.
   at: _check_pixels (res://tools/capture_issue_36.gd:159)
   GDScript backtrace (most recent call first):
       [0] _check_pixels (res://tools/capture_issue_36.gd:159)
       [1] _capture_pair (res://tools/capture_issue_36.gd:139)
SCRIPT ERROR: Cannot call method 'get_image' on a null value.
   at: _check_pixels (res://tools/capture_issue_36.gd:159)
   GDScript backtrace (most recent call first):
       [0] _check_pixels (res://tools/capture_issue_36.gd:159)
       [1] _capture_pair (res://tools/capture_issue_36.gd:139)
SCRIPT ERROR: Cannot call method 'get_image' on a null value.
   at: _check_pixels (res://tools/capture_issue_36.gd:159)
   GDScript backtrace (most recent call first):
       [0] _check_pixels (res://tools/capture_issue_36.gd:159)
       [1] _capture_pair (res://tools/capture_issue_36.gd:139)
SCRIPT ERROR: Cannot call method 'get_image' on a null value.
   at: _check_pixels (res://tools/capture_issue_36.gd:159)
   GDScript backtrace (most recent call first):
       [0] _check_pixels (res://tools/capture_issue_36.gd:159)
       [1] _capture_pair (res://tools/capture_issue_36.gd:139)
SCRIPT ERROR: Cannot call method 'get_image' on a null value.
   at: _check_pixels (res://tools/capture_issue_36.gd:159)
   GDScript backtrace (most recent call first):
       [0] _check_pixels (res://tools/capture_issue_36.gd:159)
       [1] _capture_pair (res://tools/capture_issue_36.gd:139)
SCRIPT ERROR: Cannot call method 'get_image' on a null value.
   at: _check_pixels (res://tools/capture_issue_36.gd:159)
   GDScript backtrace (most recent call first):
       [0] _check_pixels (res://tools/capture_issue_36.gd:159)
       [1] _capture_pair (res://tools/capture_issue_36.gd:139)
SCRIPT ERROR: Cannot call method 'get_image' on a null value.
   at: _check_pixels (res://tools/capture_issue_36.gd:159)
   GDScript backtrace (most recent call first):
       [0] _check_pixels (res://tools/capture_issue_36.gd:159)
       [1] _capture_pair (res://tools/capture_issue_36.gd:139)
SCRIPT ERROR: Cannot call method 'get_image' on a null value.
   at: _check_pixels (res://tools/capture_issue_36.gd:159)
   GDScript backtrace (most recent call first):
       [0] _check_pixels (res://tools/capture_issue_36.gd:159)
       [1] _capture_pair (res://tools/capture_issue_36.gd:139)
WARNING: 6 RIDs of type "CanvasItem" were leaked.
   at: _free_rids (servers/rendering/renderer_canvas_cull.cpp:2735)
WARNING: 9 ObjectDB instances were leaked at exit (run with `--verbose` for details).
   at: cleanup (core/object/object.cpp:2536)
ERROR: 2 resources still in use at exit (run with --verbose for details).
   at: clear (core/io/resource.cpp:822)


----------------------------------------------------------------------
Ran 21 tests in 55.489s

FAILED (failures=5)
